time,open,high,low,close
2019-09-07T20:00:00-04:00,10000,10412.65,10000,10391.63
2019-09-08T20:00:00-04:00,10316.62,10475.54,10077.22,10307
2019-09-09T20:00:00-04:00,10307,10382.97,9940.87,10102.02
2019-09-10T20:00:00-04:00,10094.27,10293.11,9884.31,10159.55
2019-09-11T20:00:00-04:00,10163.06,10450.13,10042.12,10415.13
2019-09-12T20:00:00-04:00,10414.96,10440.55,10153.51,10341.34
2019-09-13T20:00:00-04:00,10343.01,10419.97,10222.77,10332.25
2019-09-14T20:00:00-04:00,10333.47,10359.2,10024.81,10302.22
2019-09-15T20:00:00-04:00,10302,10353.81,10080.7,10249.27
2019-09-16T20:00:00-04:00,10257.3,10270.63,10136.77,10186.52
2019-09-17T20:00:00-04:00,10183.87,10256.65,10097.92,10155.16
2019-09-18T20:00:00-04:00,10154.7,10331.62,9530.02,10245.3
2019-09-19T20:00:00-04:00,10247.7,10279.3,10070.5,10166.35
2019-09-20T20:00:00-04:00,10166.56,10175.3,9912.63,9983.33
2019-09-21T20:00:00-04:00,9992.7,10089.52,9857,10023.04
2019-09-22T20:00:00-04:00,10027.69,10046.91,9620,9701.96
2019-09-23T20:00:00-04:00,9701.1,9792.83,7761.75,8495.83
2019-09-24T20:00:00-04:00,8493.32,8725.24,8200,8430.07
2019-09-25T20:00:00-04:00,8428.15,8464.4,7700.67,8060.15
2019-09-26T20:00:00-04:00,8061.98,8260,7851.94,8176.52
2019-09-27T20:00:00-04:00,8178.26,8311,8001.14,8195.38
2019-09-28T20:00:00-04:00,8199,8226.35,7888.98,8041.96
2019-09-29T20:00:00-04:00,8042.08,8331.89,7709.01,8285.84
2019-09-30T20:00:00-04:00,8285.31,8499,8171,8290
2019-10-01T20:00:00-04:00,8290,8365.92,8149.35,8352.14
2019-10-02T20:00:00-04:00,8353.4,8386,8020,8220.27
2019-10-03T20:00:00-04:00,8219.95,8227.42,7979.95,8130.56
2019-10-04T20:00:00-04:00,8130,8175,8010,8122.14
2019-10-05T20:00:00-04:00,8122.01,8148.43,7760,7852.79
2019-10-06T20:00:00-04:00,7851.01,8330,7764.42,8186.88
2019-10-07T20:00:00-04:00,8188.55,8322.01,8103.88,8167.62
2019-10-08T20:00:00-04:00,8168.33,8700,8113,8559.77
2019-10-09T20:00:00-04:00,8559.77,8640.89,8419.34,8556.02
2019-10-10T20:00:00-04:00,8557,8788,8210,8255.58
2019-10-11T20:00:00-04:00,8255.54,8397.45,8248.34,8300.22
2019-10-12T20:00:00-04:00,8300.31,8456,8137.3,8274.66
2019-10-13T20:00:00-04:00,8274.33,8381.77,8205.02,8346.05
2019-10-14T20:00:00-04:00,8346.31,8408.62,8080,8160.01
2019-10-15T20:00:00-04:00,8160.55,8184,7900.24,7992.21
2019-10-16T20:00:00-04:00,7994.76,8124.63,7930,8069.2
2019-10-17T20:00:00-04:00,8069.41,8117.3,7812,7943.94
2019-10-18T20:00:00-04:00,7945.57,8108.54,7852.12,7947.13
2019-10-19T20:00:00-04:00,7947.78,8300.5,7871.17,8218.23
2019-10-20T20:00:00-04:00,8218.23,8334.57,8150,8201.74
2019-10-21T20:00:00-04:00,8201,8290,8000,8020.89
2019-10-22T20:00:00-04:00,8020.68,8047.78,7172.76,7465
2019-10-23T20:00:00-04:00,7465.18,7495.81,7337.44,7411.35
2019-10-24T20:00:00-04:00,7410.07,8800,7359,8650
2019-10-25T20:00:00-04:00,8650,10408.48,8626.89,9232.22
2019-10-26T20:00:00-04:00,9234.75,9803.83,9066.07,9533.32
2019-10-27T20:00:00-04:00,9534.37,9930.13,9156.03,9217.36
2019-10-28T20:00:00-04:00,9215.78,9569.1,9070,9415.02
2019-10-29T20:00:00-04:00,9415.02,9418.65,8975.72,9165.3
2019-10-30T20:00:00-04:00,9163.4,9438.64,8933,9150
2019-10-31T20:00:00-04:00,9149.88,9280,9050.27,9231.01
2019-11-01T20:00:00-04:00,9231.7,9375,9194.98,9287.8
2019-11-02T20:00:00-04:00,9288.96,9366.69,9073,9197.88
2019-11-03T19:00:00-05:00,9197.86,9550,9126.01,9395.46
2019-11-04T19:00:00-05:00,9395.47,9457.13,9164.33,9313.2
2019-11-05T19:00:00-05:00,9313.1,9450,9259.48,9343.6
2019-11-06T19:00:00-05:00,9344.29,9381.93,9091.2,9219.64
2019-11-07T19:00:00-05:00,9221.63,9259.3,8669.85,8775.03
2019-11-08T19:00:00-05:00,8775.6,8878,8727,8811.15
2019-11-09T19:00:00-05:00,8811.3,9187,8760,9041.31
2019-11-10T19:00:00-05:00,9041.31,9072.91,8611.11,8728.93
2019-11-11T19:00:00-05:00,8729.89,8889.06,8552.12,8817
2019-11-12T19:00:00-05:00,8817.94,8838,8712,8774.76
2019-11-13T19:00:00-05:00,8774.78,8798.06,8581.39,8642.25
2019-11-14T19:00:00-05:00,8642.47,8780,8380,8473.27
2019-11-15T19:00:00-05:00,8473.3,8540.54,8435,8491.06
2019-11-16T19:00:00-05:00,8491.18,8631,8355.78,8504.04
2019-11-17T19:00:00-05:00,8504.13,8504.71,8050,8183.26
2019-11-18T19:00:00-05:00,8183.3,8212.87,8000,8131.7
2019-11-19T19:00:00-05:00,8131.12,8230,8037.5,8094.05
2019-11-20T19:00:00-05:00,8094.57,8131.51,7432,7621.9
2019-11-21T19:00:00-05:00,7621.89,7765.03,6762.73,7262.72
2019-11-22T19:00:00-05:00,7261.89,7345.84,7073.38,7305.99
2019-11-23T19:00:00-05:00,7306.19,7324.92,6855.91,6900.86
2019-11-24T19:00:00-05:00,6899.77,7386.29,6510.19,7102.03
2019-11-25T19:00:00-05:00,7103.34,7340.06,7011.9,7150
2019-11-26T19:00:00-05:00,7149.97,7669.2,6850,7506.77
2019-11-27T19:00:00-05:00,7506.78,7643,7356,7415.79
2019-11-28T19:00:00-05:00,7417,7850,7394.57,7736.66
2019-11-29T19:00:00-05:00,7737.23,7800,7444.18,7542.93
2019-11-30T19:00:00-05:00,7541.08,7541.08,7222.29,7387.38
2019-12-01T19:00:00-05:00,7388,7416.75,7137.74,7291
2019-12-02T19:00:00-05:00,7291.74,7404.42,7231.35,7290.86
2019-12-03T19:00:00-05:00,7290.85,7800,7070,7191
2019-12-04T19:00:00-05:00,7189.42,7480,7142.54,7384.99
2019-12-05T19:00:00-05:00,7384.66,7602.44,7295.73,7522.1
2019-12-06T19:00:00-05:00,7521.13,7616.91,7467.44,7487.2
2019-12-07T19:00:00-05:00,7487.19,7559.39,7376,7508.2
2019-12-08T19:00:00-05:00,7507.87,7676.48,7269.05,7337.49
2019-12-09T19:00:00-05:00,7338.2,7403.71,7152,7220.98
2019-12-10T19:00:00-05:00,7220.92,7267,7117.74,7205.77
2019-12-11T19:00:00-05:00,7206.78,7295.12,7080,7194.77
2019-12-12T19:00:00-05:00,7194.08,7298,7190,7252.98
2019-12-13T19:00:00-05:00,7252.98,7266.14,7007.86,7061.34
2019-12-14T19:00:00-05:00,7060.79,7196,7004.77,7115
2019-12-15T19:00:00-05:00,7115.45,7147.34,6831,6887.54
2019-12-16T19:00:00-05:00,6887.48,6940,6550,6618.96
2019-12-17T19:00:00-05:00,6618.96,7479.99,6427,7277.44
2019-12-18T19:00:00-05:00,7278.11,7367.87,7042.82,7146.29
2019-12-19T19:00:00-05:00,7146.29,7217.08,7078.17,7184.39
2019-12-20T19:00:00-05:00,7184.39,7185,7108,7131.01
2019-12-21T19:00:00-05:00,7131.02,7517.61,7122,7502.92
2019-12-22T19:00:00-05:00,7502.92,7691,7262,7314.01
2019-12-23T19:00:00-05:00,7314.03,7434.55,7156.08,7252.04
2019-12-24T19:00:00-05:00,7251.57,7267.63,7123.19,7201.45
2019-12-25T19:00:00-05:00,7201.67,7438.8,7151,7197.46
2019-12-26T19:00:00-05:00,7197.84,7270,7078.89,7248.4
2019-12-27T19:00:00-05:00,7248.4,7359.15,7235,7311.48
2019-12-28T19:00:00-05:00,7310.29,7527,7283.6,7383.67
2019-12-29T19:00:00-05:00,7383.68,7400,7215.58,7240.43
2019-12-30T19:00:00-05:00,7240.8,7319,7141,7189
2019-12-31T19:00:00-05:00,7189.43,7260.43,7170.15,7197.57
2020-01-01T19:00:00-05:00,7197.57,7209.59,6922,6962.04
2020-01-02T19:00:00-05:00,6962.34,7407.28,6863.44,7341.72
2020-01-03T19:00:00-05:00,7341.6,7400,7269.21,7350.71
2020-01-04T19:00:00-05:00,7350.54,7495,7303,7354.36
2020-01-05T19:00:00-05:00,7354.36,7808.65,7345,7757.39
2020-01-06T19:00:00-05:00,7757.74,8215.33,7733,8152.49
2020-01-07T19:00:00-05:00,8150.9,8468.42,7870.11,8059.84
2020-01-08T19:00:00-05:00,8059.77,8060,7750.01,7818.59
2020-01-09T19:00:00-05:00,7817.91,8210.62,7670,8207.09
2020-01-10T19:00:00-05:00,8207.2,8292.19,8003.87,8020.56
2020-01-11T19:00:00-05:00,8020.58,8195,7956.28,8186.7
2020-01-12T19:00:00-05:00,8186.22,8200,8053.78,8113
2020-01-13T19:00:00-05:00,8112.99,8893,8109.02,8825
2020-01-14T19:00:00-05:00,8825,8921.2,8570.52,8825.3
2020-01-15T19:00:00-05:00,8825.35,8868.21,8596.25,8725.08
2020-01-16T19:00:00-05:00,8724.99,9039,8680,8918.72
2020-01-17T19:00:00-05:00,8918.73,8995,8816,8925
2020-01-18T19:00:00-05:00,8925,9205.3,8440.91,8705.85
2020-01-19T19:00:00-05:00,8705.98,8750.37,8526.06,8650
2020-01-20T19:00:00-05:00,8650,8790.1,8448.6,8742.43
2020-01-21T19:00:00-05:00,8742.78,8820,8585.85,8684.57
2020-01-22T19:00:00-05:00,8684.47,8694,8326,8409.6
2020-01-23T19:00:00-05:00,8410,8528,8247,8441.96
2020-01-24T19:00:00-05:00,8442.82,8455,8272,8344.64
2020-01-25T19:00:00-05:00,8344.37,8624.45,8300,8611.21
2020-01-26T19:00:00-05:00,8611.21,9015.48,8565,8913.61
2020-01-27T19:00:00-05:00,8913.61,9436.06,8905,9398.98
2020-01-28T19:00:00-05:00,9399.72,9460.52,9242,9311
2020-01-29T19:00:00-05:00,9311.23,9599,9210.42,9525.67
2020-01-30T19:00:00-05:00,9525.67,9550.72,9220,9364.51
2020-01-31T19:00:00-05:00,9364.5,9477.76,9306,9392.74
2020-02-01T19:00:00-05:00,9392.99,9489.92,9160.01,9338.2
2020-02-02T19:00:00-05:00,9340.49,9647.61,9250,9300.64
2020-02-03T19:00:00-05:00,9300.63,9368,9105,9198.35
2020-02-04T19:00:00-05:00,9198.32,9799.08,9179.88,9630
2020-02-05T19:00:00-05:00,9630,9884,9550,9778.12
2020-02-06T19:00:00-05:00,9777.97,9900,9736.66,9821.52
2020-02-07T19:00:00-05:00,9821.52,9956,9680.55,9906.43
2020-02-08T19:00:00-05:00,9906.09,10184.34,9892.15,10167.38
2020-02-09T19:00:00-05:00,10167.37,10213.56,9750,9865.56
2020-02-10T19:00:00-05:00,9865.56,10409.96,9729.36,10229.06
2020-02-11T19:00:00-05:00,10230.74,10479.98,10229.71,10339.99
2020-02-12T19:00:00-05:00,10339.64,10540,10101,10239.63
2020-02-13T19:00:00-05:00,10240.02,10390,10123.37,10356.82
2020-02-14T19:00:00-05:00,10356.27,10389.75,9752.3,9914.99
2020-02-15T19:00:00-05:00,9914.31,10060.45,9626.64,9921.86
2020-02-16T19:00:00-05:00,9921.87,9971,9461.89,9716
2020-02-17T19:00:00-05:00,9716,10270,9598,10174.32
2020-02-18T19:00:00-05:00,10174.53,10286,9293.07,9593.65
2020-02-19T19:00:00-05:00,9593.31,9700,9382.59,9601.99
2020-02-20T19:00:00-05:00,9601.51,9759.59,9547,9681.39
2020-02-21T19:00:00-05:00,9681.39,9710.7,9565,9659.2
2020-02-22T19:00:00-05:00,9658.95,10018.9,9657,9943.12
2020-02-23T19:00:00-05:00,9943.12,10000,9487.38,9662.95
2020-02-24T19:00:00-05:00,9662.88,9686.78,9247,9326
2020-02-25T19:00:00-05:00,9326,9384,8610,8792.22
2020-02-26T19:00:00-05:00,8793.96,8978,8533.9,8828
2020-02-27T19:00:00-05:00,8827.12,8908.86,8450,8699.57
2020-02-28T19:00:00-05:00,8699.86,8799.83,8530,8531.98
2020-02-29T19:00:00-05:00,8532.5,8762.24,8409,8537.84
2020-03-01T19:00:00-05:00,8537.84,8972,8504.95,8919.7
2020-03-02T19:00:00-05:00,8919.7,8922.34,8657.41,8765
2020-03-03T19:00:00-05:00,8765,8853.88,8669.23,8756.93
2020-03-04T19:00:00-05:00,8755.98,9172.3,8755.98,9062.81
2020-03-05T19:00:00-05:00,9062.62,9179.75,8994.14,9139.48
2020-03-06T19:00:00-05:00,9139.77,9204,8850,8897.18
2020-03-07T19:00:00-05:00,8895.62,8897.71,7997.7,8038.46
2020-03-08T20:00:00-04:00,8038.99,8182.31,7635.21,7932.15
2020-03-09T20:00:00-04:00,7932.45,8156.31,7733,7897.66
2020-03-10T20:00:00-04:00,7898.21,7988,7593.29,7938.39
2020-03-11T20:00:00-04:00,7938.39,7969,4347,4764.65
2020-03-12T20:00:00-04:00,4762.28,5971,3621.81,5570.26
2020-03-13T20:00:00-04:00,5569.84,5638.42,5040,5167.01
2020-03-14T20:00:00-04:00,5167.21,5954.47,5089.12,5357.32
2020-03-15T20:00:00-04:00,5354.81,5361.26,4413.62,5026.26
2020-03-16T20:00:00-04:00,5027.11,5529.98,4913.49,5307.38
2020-03-17T20:00:00-04:00,5306.42,5435,4982.75,5389.64
2020-03-18T20:00:00-04:00,5389.94,6400,5246.5,6159.6
2020-03-19T20:00:00-04:00,6159.41,6911,5650,6203.77
2020-03-20T20:00:00-04:00,6204.47,6457.17,5854.01,6183.69
2020-03-21T20:00:00-04:00,6183.84,6408.91,5730.35,5810.17
2020-03-22T20:00:00-04:00,5810.3,6619.9,5670,6463.84
2020-03-23T20:00:00-04:00,6463.21,6840,6369,6741.33
2020-03-24T20:00:00-04:00,6740.86,6960.71,6436.26,6673.41
2020-03-25T20:00:00-04:00,6673.57,6777.5,6500,6733.76
2020-03-26T20:00:00-04:00,6733.76,6840,6230,6353.64
2020-03-27T20:00:00-04:00,6353.64,6354.74,6004,6230.95
2020-03-28T20:00:00-04:00,6231.81,6260,5857.6,5876.27
2020-03-29T20:00:00-04:00,5876.27,6606.15,5850,6391.08
2020-03-30T20:00:00-04:00,6389.52,6516.63,6320,6407.1
2020-03-31T20:00:00-04:00,6407.1,6693,6140,6641.51
2020-04-01T20:00:00-04:00,6641.22,7290,6542.73,6791.63
2020-04-02T20:00:00-04:00,6791.65,7049.11,6600,6729.8
2020-04-03T20:00:00-04:00,6729.8,7020,6629.99,6851.1
2020-04-04T20:00:00-04:00,6851.4,6893.44,6668.02,6768.9
2020-04-05T20:00:00-04:00,6768.9,7370,6760,7325.73
2020-04-06T20:00:00-04:00,7325.73,7457,7070.43,7192.9
2020-04-07T20:00:00-04:00,7192.9,7417.83,7145.14,7357.66
2020-04-08T20:00:00-04:00,7357.15,7365.69,7105.98,7278.65
2020-04-09T20:00:00-04:00,7278.83,7290,6741,6857.82
2020-04-10T20:00:00-04:00,6858,6944.28,6757.29,6874.18
2020-04-11T20:00:00-04:00,6874.17,7173.98,6775.66,6900.52
2020-04-12T20:00:00-04:00,6900.19,6900.99,6558,6834
2020-04-13T20:00:00-04:00,6834.01,6975.6,6751,6864.11
2020-04-14T20:00:00-04:00,6864.11,6929,6602.59,6616.89
2020-04-15T20:00:00-04:00,6616.88,7190.92,6465.33,7098.15
2020-04-16T20:00:00-04:00,7098.15,7140,6981,7022.44
2020-04-17T20:00:00-04:00,7022,7290,7008.11,7242.42
2020-04-18T20:00:00-04:00,7242.49,7258.42,7055,7118.03
2020-04-19T20:00:00-04:00,7118.04,7208.55,6735.95,6825.29
2020-04-20T20:00:00-04:00,6825.28,6940,6759.16,6838
2020-04-21T20:00:00-04:00,6838,7154.9,6812.57,7120.06
2020-04-22T20:00:00-04:00,7120.06,7802.38,7020,7483.35
2020-04-23T20:00:00-04:00,7483.36,7612.91,7388,7504.11
2020-04-24T20:00:00-04:00,7504.62,7722.33,7433,7534.01
2020-04-25T20:00:00-04:00,7534.01,7709.57,7476.86,7694.17
2020-04-26T20:00:00-04:00,7693.63,7795.6,7623.98,7774
2020-04-27T20:00:00-04:00,7774,7780,7662.49,7735.75
2020-04-28T20:00:00-04:00,7735.76,8988.66,7710,8784.2
2020-04-29T20:00:00-04:00,8784.05,9479.77,8400,8624.76
2020-04-30T20:00:00-04:00,8623.61,9065,8619.84,8830.52
2020-05-01T20:00:00-04:00,8830.52,9020,8755.01,8975.18
2020-05-02T20:00:00-04:00,8975.18,9200,8727.24,8900
2020-05-03T20:00:00-04:00,8899.99,8954.94,8526,8873.98
2020-05-04T20:00:00-04:00,8873.99,9118.17,8766.12,9022.78
2020-05-05T20:00:00-04:00,9022.76,9405,8916.01,9148.27
2020-05-06T20:00:00-04:00,9148.29,10080,9022,9995
2020-05-07T20:00:00-04:00,9994.74,10045.03,9726,9807.49
2020-05-08T20:00:00-04:00,9809.63,9923.98,9528.23,9550.67
2020-05-09T20:00:00-04:00,9550.25,9580,7940,8719.53
2020-05-10T20:00:00-04:00,8723.23,9164,8151.12,8561.09
2020-05-11T20:00:00-04:00,8560.73,8981,8520.43,8808.71
2020-05-12T20:00:00-04:00,8808.71,9397,8790.04,9305.91
2020-05-13T20:00:00-04:00,9305.91,9950,9250.66,9786.8
2020-05-14T20:00:00-04:00,9787.62,9843.5,9100,9310.73
2020-05-15T20:00:00-04:00,9311.21,9585,9210.03,9374.99
2020-05-16T20:00:00-04:00,9374.99,9880,9317.16,9678.57
2020-05-17T20:00:00-04:00,9677.31,9958.67,9450,9731.1
2020-05-18T20:00:00-04:00,9731.11,9900,9462,9773.64
2020-05-19T20:00:00-04:00,9772.66,9838,9281.42,9508.11
2020-05-20T20:00:00-04:00,9508,9573,8812.2,9060
2020-05-21T20:00:00-04:00,9060,9259.38,8920,9166.4
2020-05-22T20:00:00-04:00,9166.43,9300,9076.9,9176.41
2020-05-23T20:00:00-04:00,9176.32,9294.44,8674,8711.37
2020-05-24T20:00:00-04:00,8711.37,8977,8623.38,8895.65
2020-05-25T20:00:00-04:00,8895.66,9011.82,8693.18,8837.05
2020-05-26T20:00:00-04:00,8837.88,9230,8811,9197.32
2020-05-27T20:00:00-04:00,9197.32,9621.65,9110.97,9569.59
2020-05-28T20:00:00-04:00,9569.58,9598,9317.42,9422.26
2020-05-29T20:00:00-04:00,9422.11,9753,9326.01,9695
2020-05-30T20:00:00-04:00,9694.38,9698,9371.76,9446.43
2020-05-31T20:00:00-04:00,9446.49,10497.25,9420.85,10232.48
2020-06-01T20:00:00-04:00,10232.41,10262.3,9264.15,9514.9
2020-06-02T20:00:00-04:00,9514.9,9694.75,9382.33,9663.59
2020-06-03T20:00:00-04:00,9663.58,9884,9440,9788.33
2020-06-04T20:00:00-04:00,9788.32,9855,9580.52,9617.29
2020-06-05T20:00:00-04:00,9616.64,9738.77,9528,9664
2020-06-06T20:00:00-04:00,9664.01,9823.13,9373,9743.92
2020-06-07T20:00:00-04:00,9743.92,9816,9631,9778.87
2020-06-08T20:00:00-04:00,9778.87,9890,9550.03,9771.66
2020-06-09T20:00:00-04:00,9771.66,10015.99,9681.21,9884.99
2020-06-10T20:00:00-04:00,9884.99,9970.1,9055.07,9278.03
2020-06-11T20:00:00-04:00,9277.72,9550,9238,9458.91
2020-06-12T20:00:00-04:00,9458.77,9497.85,9340,9468.54
2020-06-13T20:00:00-04:00,9468.55,9477,9240.97,9339.61
2020-06-14T20:00:00-04:00,9339.7,9490.83,8888.43,9422.01
2020-06-15T20:00:00-04:00,9422.01,9595,9370,9519.12
2020-06-16T20:00:00-04:00,9519.13,9569,9231.03,9458.45
2020-06-17T20:00:00-04:00,9458.45,9483.85,9272.41,9381.59
2020-06-18T20:00:00-04:00,9381.99,9453,9239,9307
2020-06-19T20:00:00-04:00,9307,9394.29,9165,9354.04
2020-06-20T20:00:00-04:00,9353.84,9420.47,9279,9293.51
2020-06-21T20:00:00-04:00,9293.39,9795,9273,9686.99
2020-06-22T20:00:00-04:00,9686.99,9723.23,9585,9631.66
2020-06-23T20:00:00-04:00,9631.65,9678,9210,9298.4
2020-06-24T20:00:00-04:00,9298.78,9350.9,9005,9246.75
2020-06-25T20:00:00-04:00,9246.75,9297.16,9038.52,9159.99
2020-06-26T20:00:00-04:00,9159.99,9195.75,8816.4,9008
2020-06-27T20:00:00-04:00,9008,9188,8932.68,9114
2020-06-28T20:00:00-04:00,9114.01,9233,9022,9189.48
2020-06-29T20:00:00-04:00,9189.99,9205,9063.97,9138.87
2020-06-30T20:00:00-04:00,9138.88,9293,9090,9233.29
2020-07-01T20:00:00-04:00,9233.29,9262.99,8936,9087.72
2020-07-02T20:00:00-04:00,9087.72,9124.52,9036.06,9057.52
2020-07-03T20:00:00-04:00,9058.07,9194,9042.84,9137.18
2020-07-04T20:00:00-04:00,9137.18,9146.35,8900,9071.86
2020-07-05T20:00:00-04:00,9071.87,9379,9058.1,9339.6
2020-07-06T20:00:00-04:00,9339.59,9380,9201.23,9258.51
2020-07-07T20:00:00-04:00,9258.51,9470,9233.47,9436.08
2020-07-08T20:00:00-04:00,9436.08,9440.81,9164.33,9236.28
2020-07-09T20:00:00-04:00,9236.29,9317.24,9121.42,9288.39
2020-07-10T20:00:00-04:00,9288.39,9301.74,9178.91,9233.5
2020-07-11T20:00:00-04:00,9233.5,9349,9155,9300.69
2020-07-12T20:00:00-04:00,9300.7,9345,9200,9241.2
2020-07-13T20:00:00-04:00,9241.18,9279,9116,9254.17
2020-07-14T20:00:00-04:00,9254.17,9272.56,9156,9197.3
2020-07-15T20:00:00-04:00,9197.75,9223,9044.02,9132
2020-07-16T20:00:00-04:00,9132,9187,9087,9151.69
2020-07-17T20:00:00-04:00,9151.7,9210,9121.98,9171.8
2020-07-18T20:00:00-04:00,9171.79,9239.59,9108,9210.51
2020-07-19T20:00:00-04:00,9210.68,9221,9131.01,9161.13
2020-07-20T20:00:00-04:00,9161.28,9439.6,9152.62,9388.01
2020-07-21T20:00:00-04:00,9388,9543,9272,9518.25
2020-07-22T20:00:00-04:00,9518.25,9678.32,9439.86,9604.41
2020-07-23T20:00:00-04:00,9604.41,9650,9470,9539.7
2020-07-24T20:00:00-04:00,9539.7,9735.1,9526.31,9701.49
2020-07-25T20:00:00-04:00,9701.54,10300,9655.2,9939.69
2020-07-26T20:00:00-04:00,9939.68,11488,9928.61,11047.58
2020-07-27T20:00:00-04:00,11047.58,11270,10580,10919.94
2020-07-28T20:00:00-04:00,10919.94,11364.8,10844.34,11113.03
2020-07-29T20:00:00-04:00,11113.01,11195.52,10826.55,11111.96
2020-07-30T20:00:00-04:00,11111.97,11450.42,10971.78,11343.68
2020-07-31T20:00:00-04:00,11343.67,11887.45,11201,11811.42
2020-08-01T20:00:00-04:00,11811.43,12154.25,10490,11079.72
2020-08-02T20:00:00-04:00,11080.7,11483,10923,11227.07
2020-08-03T20:00:00-04:00,11227.07,11427.38,11025,11200.05
2020-08-04T20:00:00-04:00,11200.06,11798.56,11103,11752.5
2020-08-05T20:00:00-04:00,11752.5,11916.02,11571.78,11770.56
2020-08-06T20:00:00-04:00,11769.97,11920,11318.93,11596.06
2020-08-07T20:00:00-04:00,11596.26,11819,11513.69,11765.72
2020-08-08T20:00:00-04:00,11765.72,11811,11526.9,11685.99
2020-08-09T20:00:00-04:00,11685.99,12100,11384.9,11896.89
2020-08-10T20:00:00-04:00,11896.86,11944,11127,11392.64
2020-08-11T20:00:00-04:00,11392.64,11630,11140,11568.36
2020-08-12T20:00:00-04:00,11568.37,11798,11272,11790
2020-08-13T20:00:00-04:00,11790,11868.42,11644.6,11767.89
2020-08-14T20:00:00-04:00,11767.89,11993.58,11682,11859.04
2020-08-15T20:00:00-04:00,11858.91,11945,11688,11921.23
2020-08-16T20:00:00-04:00,11921.32,12499.42,11780,12298.06
2020-08-17T20:00:00-04:00,12298.06,12403,11810,11960.79
2020-08-18T20:00:00-04:00,11962.03,12037.05,11574.78,11763.87
2020-08-19T20:00:00-04:00,11763.88,11888,11676.03,11857.92
2020-08-20T20:00:00-04:00,11858.53,11882.68,11491,11538.53
2020-08-21T20:00:00-04:00,11538.53,11689.08,11385.06,11670.47
2020-08-22T20:00:00-04:00,11670.48,11724,11522.15,11654
2020-08-23T20:00:00-04:00,11654,11831.96,11595,11753.3
2020-08-24T20:00:00-04:00,11753.29,11770,11130,11327.17
2020-08-25T20:00:00-04:00,11327.18,11548.68,11255.95,11466.22
2020-08-26T20:00:00-04:00,11466.22,11593,11130.82,11335.53
2020-08-27T20:00:00-04:00,11335.83,11544.88,11283.19,11526.85
2020-08-28T20:00:00-04:00,11526.85,11582,11419.34,11466.66
2020-08-29T20:00:00-04:00,11466.27,11724.12,11457.88,11714.14
2020-08-30T20:00:00-04:00,11714.13,11784.21,11575.78,11658.11
2020-08-31T20:00:00-04:00,11658.11,12061.07,11531.34,11930.18
2020-09-01T20:00:00-04:00,11930.17,11961,11156,11396.96
2020-09-02T20:00:00-04:00,11396.44,11475,9901.16,10141.08
2020-09-03T20:00:00-04:00,10141.4,10635.77,9878.65,10448
2020-09-04T20:00:00-04:00,10448,10567.87,9808.58,10168.71
2020-09-05T20:00:00-04:00,10168.23,10348.97,10003,10258.13
2020-09-06T20:00:00-04:00,10258.13,10420.55,9879.68,10378.76
2020-09-07T20:00:00-04:00,10379.3,10443.79,9842.01,10129.02
2020-09-08T20:00:00-04:00,10130,10346,9981.13,10219.29
2020-09-09T20:00:00-04:00,10219.29,10484.6,10211.67,10335.91
2020-09-10T20:00:00-04:00,10335.91,10397.85,10200.8,10387.81
2020-09-11T20:00:00-04:00,10387.81,10477.7,10271,10438.28
2020-09-12T20:00:00-04:00,10438.29,10580,10209.01,10327.72
2020-09-13T20:00:00-04:00,10327.72,10746.06,10241.57,10664.1
2020-09-14T20:00:00-04:00,10664.1,10923.42,10592,10776.78
2020-09-15T20:00:00-04:00,10776.88,11089.08,10661.9,10948.17
2020-09-16T20:00:00-04:00,10948.16,11040,10740,10935.33
2020-09-17T20:00:00-04:00,10935.97,11035,10810.1,10926.29
2020-09-18T20:00:00-04:00,10926.3,11177,10880,11073.74
2020-09-19T20:00:00-04:00,11073.2,11073.9,10751,10914.28
2020-09-20T20:00:00-04:00,10915.52,10980.69,10281,10414.73
2020-09-21T20:00:00-04:00,10414.73,10574.08,10353.1,10523.32
2020-09-22T20:00:00-04:00,10523.32,10531.94,10132.21,10237.91
2020-09-23T20:00:00-04:00,10237.91,10837.27,10191,10724.92
2020-09-24T20:00:00-04:00,10724.91,10754.29,10551.56,10683.51
2020-09-25T20:00:00-04:00,10683.5,10827.8,10642.23,10726.5
2020-09-26T20:00:00-04:00,10726.5,10793.5,10584,10768
2020-09-27T20:00:00-04:00,10768,11024,10627.19,10691.45
2020-09-28T20:00:00-04:00,10691.94,10863.94,10631.49,10836.98
2020-09-29T20:00:00-04:00,10836.99,10845.99,10660.05,10773
2020-09-30T20:00:00-04:00,10773,10935.14,10442,10612.63
2020-10-01T20:00:00-04:00,10612.62,10660,10371.03,10565.15
2020-10-02T20:00:00-04:00,10565.44,10596,10491.11,10537.96
2020-10-03T20:00:00-04:00,10537.96,10694,10514,10660.16
2020-10-04T20:00:00-04:00,10660.16,10792,10608.9,10785
2020-10-05T20:00:00-04:00,10784.99,10792,10510.66,10593.65
2020-10-06T20:00:00-04:00,10593.65,10675,10540.29,10658.75
2020-10-07T20:00:00-04:00,10658.75,10958,10523,10919.45
2020-10-08T20:00:00-04:00,10919.45,11110,10818.44,11050.47
2020-10-09T20:00:00-04:00,11050.46,11494,11050.46,11294.79
2020-10-10T20:00:00-04:00,11294.78,11450.73,11273.77,11369.59
2020-10-11T20:00:00-04:00,11369.59,11732,11157,11530.36
2020-10-12T20:00:00-04:00,11530.37,11562,11308,11419.36
2020-10-13T20:00:00-04:00,11419.36,11550,11280.5,11417.13
2020-10-14T20:00:00-04:00,11417.12,11649.48,11250,11502
2020-10-15T20:00:00-04:00,11502,11538.92,11175,11318.92
2020-10-16T20:00:00-04:00,11319.51,11424.09,11250,11356.25
2020-10-17T20:00:00-04:00,11356.25,11529.93,11342.54,11501.1
2020-10-18T20:00:00-04:00,11501.5,11830,11404.01,11745
2020-10-19T20:00:00-04:00,11744.99,12045.78,11673,11900.03
2020-10-20T20:00:00-04:00,11900.03,13240,11876,12796.07
2020-10-21T20:00:00-04:00,12796.06,13188.27,12675.5,12968.87
2020-10-22T20:00:00-04:00,12970.39,13043,12725.04,12925.82
2020-10-23T20:00:00-04:00,12925.82,13177.59,12871.07,13110.88
2020-10-24T20:00:00-04:00,13110.88,13369,12715,13023.81
2020-10-25T20:00:00-04:00,13024.21,13240,12729,13047.24
2020-10-26T20:00:00-04:00,13047.24,13787.83,13041.3,13629.38
2020-10-27T20:00:00-04:00,13629.89,13863,12876,13256.17
2020-10-28T20:00:00-04:00,13255.79,13637.22,12965,13446.65
2020-10-29T20:00:00-04:00,13446.65,13665.65,13100,13549.12
2020-10-30T20:00:00-04:00,13549.12,14140,13403.36,13783.73
2020-10-31T20:00:00-04:00,13783.73,13891.52,13605.9,13752.86
2020-11-01T19:00:00-05:00,13752.87,13823.75,13195,13540.54
2020-11-02T19:00:00-05:00,13541.55,14070,13276.33,14016.55
2020-11-03T19:00:00-05:00,14016.55,14280,13512,14134.31
2020-11-04T19:00:00-05:00,14134.32,15777,14088.01,15598.75
2020-11-05T19:00:00-05:00,15598.74,15984.2,15177,15590.96
2020-11-06T19:00:00-05:00,15590.95,15774,14350,14824.34
2020-11-07T19:00:00-05:00,14824.33,15678,14710,15473.2
2020-11-08T19:00:00-05:00,15473.2,15869,14822,15328.72
2020-11-09T19:00:00-05:00,15328.72,15474.17,15071,15294.68
2020-11-10T19:00:00-05:00,15294.68,16000,15274.89,15690.24
2020-11-11T19:00:00-05:00,15690.24,16345,15437.7,16289.02
2020-11-12T19:00:00-05:00,16289.01,16479.99,15955.6,16320.54
2020-11-13T19:00:00-05:00,16320.54,16326.82,15700,16064.51
2020-11-14T19:00:00-05:00,16064.51,16161.23,15768,15952.27
2020-11-15T19:00:00-05:00,15951.93,16882,15862,16707.07
2020-11-16T19:00:00-05:00,16707,17890.1,16550,17670.01
2020-11-17T19:00:00-05:00,17670.01,18520,17215.03,17788.32
2020-11-18T19:00:00-05:00,17788.32,18200,17347.27,17811.68
2020-11-19T19:00:00-05:00,17811.68,18831.6,17748.92,18664.31
2020-11-20T19:00:00-05:00,18662.85,18986,18302.08,18721.99
2020-11-21T19:00:00-05:00,18721.99,18780,17645.98,18435.2
2020-11-22T19:00:00-05:00,18434.17,18812.65,18013.97,18382.07
2020-11-23T19:00:00-05:00,18382.07,19440,18000,19179.64
2020-11-24T19:00:00-05:00,19178.53,19554.19,18509.12,18741.67
2020-11-25T19:00:00-05:00,18741.66,18940.69,16181,17155.34
2020-11-26T19:00:00-05:00,17155.37,17465,16444.83,17144.1
2020-11-27T19:00:00-05:00,17144.11,17880,16865.78,17717.74
2020-11-28T19:00:00-05:00,17717.74,18343,17523,18181.09
2020-11-29T19:00:00-05:00,18180.43,19944,18178.82,19720
2020-11-30T19:00:00-05:00,19722.09,19956,18050,18772.7
2020-12-01T19:00:00-05:00,18770.33,19365,18329.58,19207.01
2020-12-02T19:00:00-05:00,19207.01,19640,18865,19434.3
2020-12-03T19:00:00-05:00,19432.66,19537.16,18570,18664.2
2020-12-04T19:00:00-05:00,18662.72,19203.46,18510,19147.62
2020-12-05T19:00:00-05:00,19147.63,19449.1,18855.35,19375.02
2020-12-06T19:00:00-05:00,19375,19446.36,18908.66,19172.88
2020-12-07T19:00:00-05:00,19172.87,19319.38,18133.33,18319.32
2020-12-08T19:00:00-05:00,18319.33,18639.7,17650,18537.98
2020-12-09T19:00:00-05:00,18537.97,18550,17916,18253.51
2020-12-10T19:00:00-05:00,18254,18290.44,17555,18031.47
2020-12-11T19:00:00-05:00,18031.71,18950,18012.21,18800
2020-12-12T19:00:00-05:00,18800,19432,18705.46,19175.07
2020-12-13T19:00:00-05:00,19175.06,19355.35,19004.72,19270.7
2020-12-14T19:00:00-05:00,19270.71,19598,19039.64,19424.91
2020-12-15T19:00:00-05:00,19424.9,21600,19274.55,21346.8
2020-12-16T19:00:00-05:00,21346.81,23888.04,21231.5,22816.99
2020-12-17T19:00:00-05:00,22816.99,23330,22363.94,23124.35
2020-12-18T19:00:00-05:00,23124.35,24281.61,22735.81,23847.28
2020-12-19T19:00:00-05:00,23847.28,24376,23076.25,23472.96
2020-12-20T19:00:00-05:00,23472.96,24145,21920,22730.1
2020-12-21T19:00:00-05:00,22736.05,23850,22387,23826.99
2020-12-22T19:00:00-05:00,23826.74,24235.42,22572.52,23238.27
2020-12-23T19:00:00-05:00,23237.73,23819.81,22700,23737.44
2020-12-24T19:00:00-05:00,23738.75,24827.64,23450,24730
2020-12-25T19:00:00-05:00,24729.99,26926,24507.24,26508.83
2020-12-26T19:00:00-05:00,26508.84,28459.84,25850,26305.64
2020-12-27T19:00:00-05:00,26301.76,27538.82,26117.1,27102.66
2020-12-28T19:00:00-05:00,27101.45,27441.73,25913.01,27402.83
2020-12-29T19:00:00-05:00,27402.83,29063.72,27401,28906.99
2020-12-30T19:00:00-05:00,28906.99,29376.7,27848,28951.68
2020-12-31T19:00:00-05:00,28948.19,29668.86,28627.12,29337.16
2021-01-01T19:00:00-05:00,29337.15,33480,28958.24,32199.91
2021-01-02T19:00:00-05:00,32198.41,34832.25,32000.02,33054.53
2021-01-03T19:00:00-05:00,33053.93,33653.56,27800,32031.07
2021-01-04T19:00:00-05:00,32029.55,34500,29900,33999.52
2021-01-05T19:00:00-05:00,33999.51,37037.51,33356.46,36823.68
2021-01-06T19:00:00-05:00,36825.77,40565.62,36337.36,39498.92
2021-01-07T19:00:00-05:00,39498.32,42125.51,36539.77,40637.23
2021-01-08T19:00:00-05:00,40638.91,41539.88,38733.28,40136.04
2021-01-09T19:00:00-05:00,40136.05,41412.12,35268,38221.67
2021-01-10T19:00:00-05:00,38200.01,38322.18,30448,35408.46
2021-01-11T19:00:00-05:00,35406.92,36693.44,32600,34056.9
2021-01-12T19:00:00-05:00,34065.53,37880,32420,37421.07
2021-01-13T19:00:00-05:00,37416.34,40189.39,36764.33,39163.31
2021-01-14T19:00:00-05:00,39163.31,39790,34478,36755.24
2021-01-15T19:00:00-05:00,36755.25,38000,35366,36025.66
2021-01-16T19:00:00-05:00,36025.65,36898,33863.5,35869.83
2021-01-17T19:00:00-05:00,35875.72,37547.94,34808.47,36686.86
2021-01-18T19:00:00-05:00,36690,37961,35850,35891.03
2021-01-19T19:00:00-05:00,35891.74,36461.44,33403,35500
2021-01-20T19:00:00-05:00,35499.23,35636.17,30069.9,30879.97
2021-01-21T19:00:00-05:00,30875.77,33831.52,28880,32986.34
2021-01-22T19:00:00-05:00,32990.08,33495,31405,32086.48
2021-01-23T19:00:00-05:00,32086.48,33125.75,30914.2,32275.63
2021-01-24T19:00:00-05:00,32274.88,34880,31921.47,32253.68
2021-01-25T19:00:00-05:00,32253.68,32950,30810,32474.14
2021-01-26T19:00:00-05:00,32474.81,32562.2,29240,30381.04
2021-01-27T19:00:00-05:00,30382.96,33778.95,29843.33,33399.75
2021-01-28T19:00:00-05:00,33399.99,38641.1,31960,34269.35
2021-01-29T19:00:00-05:00,34267.04,34988.88,32849.06,34289.85
2021-01-30T19:00:00-05:00,34284.76,34393.22,32193.04,33126.21
2021-01-31T19:00:00-05:00,33125.11,34720,32322.47,33546.09
2021-02-01T19:00:00-05:00,33546.08,36041,33450,35504.06
2021-02-02T19:00:00-05:00,35504.07,37700,35410,37652.51
2021-02-03T19:00:00-05:00,37651.92,38833,36233,36976.93
2021-02-04T19:00:00-05:00,36975.19,38411.82,36586.68,38362.65
2021-02-05T19:00:00-05:00,38357.17,40992.4,38269,39249.54
2021-02-06T19:00:00-05:00,39249.53,39757.87,37403.27,38849.25
2021-02-07T19:00:00-05:00,38849.24,47146,38037,46451.32
2021-02-08T19:00:00-05:00,46451.32,48266.36,45057.65,46492.54
2021-02-09T19:00:00-05:00,46492.53,47475,43770,44850
2021-02-10T19:00:00-05:00,44850,48810,44038.97,48060.21
2021-02-11T19:00:00-05:00,48060.21,49278.98,46121,47361.03
2021-02-12T19:00:00-05:00,47364,48290,46252.1,47221.62
2021-02-13T19:00:00-05:00,47221.63,49875.16,47093.16,48655.21
2021-02-14T19:00:00-05:00,48655.21,49100,45349.21,47981.58
2021-02-15T19:00:00-05:00,47981.6,50953.44,47101.02,49197.94
2021-02-16T19:00:00-05:00,49197.93,52800,49029.62,52194.62
2021-02-17T19:00:00-05:00,52194.62,52640,50948,51619.7
2021-02-18T19:00:00-05:00,51612.46,56582,50800,56004.1
2021-02-19T19:00:00-05:00,56005.85,57699,53905,55917.41
2021-02-20T19:00:00-05:00,55908.45,58472.14,55564.5,57487.43
2021-02-21T19:00:00-05:00,57475.5,57591.87,47751.42,54121.1
2021-02-22T19:00:00-05:00,54125.55,54260.12,44893.82,48930
2021-02-23T19:00:00-05:00,48930.01,51435.58,47000,49702.03
2021-02-24T19:00:00-05:00,49702.05,52134.96,46685.43,47089.37
2021-02-25T19:00:00-05:00,47087.97,48438.01,44100,46313.13
2021-02-26T19:00:00-05:00,46313.12,48476.05,44926.77,46102.63
2021-02-27T19:00:00-05:00,46097.09,46678,43002.05,45163.36
2021-02-28T19:00:00-05:00,45162.64,49800,44972.49,49592.7
2021-03-01T19:00:00-05:00,49594.99,50221.77,47058.06,48450.57
2021-03-02T19:00:00-05:00,48454.21,52681.51,48110.66,50373.75
2021-03-03T19:00:00-05:00,50373.75,51800,47500,48385.77
2021-03-04T19:00:00-05:00,48385.77,49470,46320,48770.57
2021-03-05T19:00:00-05:00,48772.68,49253.63,47090,48908.21
2021-03-06T19:00:00-05:00,48908.21,51480,48908.21,50995.27
2021-03-07T19:00:00-05:00,50991.35,52450,49310,52429.43
2021-03-08T19:00:00-05:00,52429.43,54950,51880,54917.78
2021-03-09T19:00:00-05:00,54917.78,57500.92,53061,55947.98
2021-03-10T19:00:00-05:00,55949.3,58283,54356.44,57844.52
2021-03-11T19:00:00-05:00,57842.64,58186.33,55074.3,57291.03
2021-03-12T19:00:00-05:00,57291.04,61950,56136,61267.41
2021-03-13T19:00:00-05:00,61267.41,61798,59005,59037.12
2021-03-14T20:00:00-04:00,59037.11,60740,54517.28,55646.61
2021-03-15T20:00:00-04:00,55646.61,56988,53335,56954.19
2021-03-16T20:00:00-04:00,56953.23,59078.79,54154.93,58959
2021-03-17T20:00:00-04:00,58959.01,60510,57072,57700.01
2021-03-18T20:00:00-04:00,57700.01,59550,56301.27,58089.11
2021-03-19T20:00:00-04:00,58089.11,59948,57881,58145.61
2021-03-20T20:00:00-04:00,58144.44,58638.7,55403.55,57415.18
2021-03-21T20:00:00-04:00,57415.19,58500,53635.81,54129.56
2021-03-22T20:00:00-04:00,54129.56,55890.68,52981.4,54400
2021-03-23T20:00:00-04:00,54400,57234.79,51666,52311.54
2021-03-24T20:00:00-04:00,52307.89,53255.2,50452.08,51325.21
2021-03-25T20:00:00-04:00,51325.21,55123,51260,55030
2021-03-26T20:00:00-04:00,55030,56658.76,54001,55828
2021-03-27T20:00:00-04:00,55828,56588.31,54694.91,55805.08
2021-03-28T20:00:00-04:00,55804.16,58490.11,54931.15,57677.64
2021-03-29T20:00:00-04:00,57676.14,59560,57110,58794.16
2021-03-30T20:00:00-04:00,58794.17,59920,56812,58807.24
2021-03-31T20:00:00-04:00,58810.99,59592.22,58002,58794.01
2021-04-01T20:00:00-04:00,58797.56,60397.85,58490.03,59031.36
2021-04-02T20:00:00-04:00,59028.99,59925,56900,57134.65
2021-04-03T20:00:00-04:00,57134.65,58553,56517.23,58234.61
2021-04-04T20:00:00-04:00,58234.61,59385,56808.94,59243.39
2021-04-05T20:00:00-04:00,59243.4,59626.18,57500,58059.99
2021-04-06T20:00:00-04:00,58060,58720,55536.07,56018.18
2021-04-07T20:00:00-04:00,56018.17,58200,55759.13,58122.26
2021-04-08T20:00:00-04:00,58122.93,58950,57700,58176.03
2021-04-09T20:00:00-04:00,58176.04,61800,57943.95,59832.43
2021-04-10T20:00:00-04:00,59832.43,60816.88,59304.02,60090.2
2021-04-11T20:00:00-04:00,60093.26,61449.91,59500,59911.18
2021-04-12T20:00:00-04:00,59911.19,63850,59873.01,63649.71
2021-04-13T20:00:00-04:00,63645.05,64986.11,61404,63019.1
2021-04-14T20:00:00-04:00,63018.34,63905.83,62157.89,63232.55
2021-04-15T20:00:00-04:00,63232.56,63600,60100,61424.67
2021-04-16T20:00:00-04:00,61424.67,62610,59620,60090.14
2021-04-17T20:00:00-04:00,60090.14,60450,50050,56140.05
2021-04-18T20:00:00-04:00,56140.05,57532.7,54200,55634.39
2021-04-19T20:00:00-04:00,55634.38,57060,53330.82,56410.56
2021-04-20T20:00:00-04:00,56411.25,56756.78,53610,53800
2021-04-21T20:00:00-04:00,53794.72,55470.51,50534.34,51714.61
2021-04-22T20:00:00-04:00,51714.62,52152,47546.16,51122.62
2021-04-23T20:00:00-04:00,51122.63,51183.51,48690,50092.4
2021-04-24T20:00:00-04:00,50094.27,50577.9,46930.43,49063.94
2021-04-25T20:00:00-04:00,49063.94,54364.89,48763,53984.33
2021-04-26T20:00:00-04:00,53984.34,55500,53225.14,55006.25
2021-04-27T20:00:00-04:00,55006.25,56574.13,53852,54861.77
2021-04-28T20:00:00-04:00,54861.76,55222.02,52350,53558.8
2021-04-29T20:00:00-04:00,53558.57,57935,53043.62,57684.16
2021-04-30T20:00:00-04:00,57688.29,58488.17,57051.23,57836.34
2021-05-01T20:00:00-04:00,57836.35,57959.97,56100,56630.33
2021-05-02T20:00:00-04:00,56630.34,59056.59,56500.65,57214.83
2021-05-03T20:00:00-04:00,57214.84,57253.76,53094.59,53263.32
2021-05-04T20:00:00-04:00,53263.32,57940,52880.38,57497.77
2021-05-05T20:00:00-04:00,57497.76,58450,55297.91,56435.35
2021-05-06T20:00:00-04:00,56435.35,58800,55300,57350.88
2021-05-07T20:00:00-04:00,57350.89,59590.96,56961.25,58924.98
2021-05-08T20:00:00-04:00,58926.36,59335.19,56316,58292.53
2021-05-09T20:00:00-04:00,58292.53,59654,53250,55869.67
2021-05-10T20:00:00-04:00,55869.41,56908.66,54541.33,56710.43
2021-05-11T20:00:00-04:00,56712.7,58049.99,48503.74,49595.76
2021-05-12T20:00:00-04:00,49596.75,51358,45596.32,49707.9
2021-05-13T20:00:00-04:00,49706.27,51533,48870.41,49873.27
2021-05-14T20:00:00-04:00,49873.26,50709.43,46584.32,46793.41
2021-05-15T20:00:00-04:00,46794.62,49829.39,43866,46429.28
2021-05-16T20:00:00-04:00,46429.28,46655,42151,43566.18
2021-05-17T20:00:00-04:00,43565.11,45846.61,42268,42882.53
2021-05-18T20:00:00-04:00,42882.54,43615.93,28688,36689.14
2021-05-19T20:00:00-04:00,36689.14,42460,34882,40500.3
2021-05-20T20:00:00-04:00,40500,42270.42,33400,37211.02
2021-05-21T20:00:00-04:00,37210.01,38851.34,35201.11,37432.58
2021-05-22T20:00:00-04:00,37436,38261.71,31096.7,34651.6
2021-05-23T20:00:00-04:00,34656.53,39917.09,34366,38779.66
2021-05-24T20:00:00-04:00,38783.58,39790.05,36439.32,38326.84
2021-05-25T20:00:00-04:00,38326.84,40900,37804.76,39224.2
2021-05-26T20:00:00-04:00,39224.21,40438.82,37133.22,38527.38
2021-05-27T20:00:00-04:00,38527.38,38888.35,34689.57,35670.99
2021-05-28T20:00:00-04:00,35670.99,37375,33650,34611.94
2021-05-29T20:00:00-04:00,34611.95,36501,33356,35651.81
2021-05-30T20:00:00-04:00,35651.8,37500,34150,37243.38
2021-05-31T20:00:00-04:00,37244.36,37893.76,35500,36693.41
2021-06-01T20:00:00-04:00,36694.37,38232.99,35905,37569.99
2021-06-02T20:00:00-04:00,37570,39470,37150.15,39247.4
2021-06-03T20:00:00-04:00,39247.4,39297.35,35552.51,36828.03
2021-06-04T20:00:00-04:00,36828.03,37900.49,34800,35498.62
2021-06-05T20:00:00-04:00,35497.93,36521.16,35201.86,35801.71
2021-06-06T20:00:00-04:00,35801.71,36820,33200,33550.96
2021-06-07T20:00:00-04:00,33550.97,34061.57,30969,33372.58
2021-06-08T20:00:00-04:00,33372.58,37511.31,32390,37368.45
2021-06-09T20:00:00-04:00,37369.99,38489,35750,36669.66
2021-06-10T20:00:00-04:00,36669.65,37679.54,35900,37300.42
2021-06-11T20:00:00-04:00,37300.41,37432.95,34585.9,35537.05
2021-06-12T20:00:00-04:00,35535.95,39374.18,34739.06,38993.65
2021-06-13T20:00:00-04:00,38993.66,41000,38720,40489.1
2021-06-14T20:00:00-04:00,40489.1,41413,39500,40132.86
2021-06-15T20:00:00-04:00,40132.86,40495,38105,38344.97
2021-06-16T20:00:00-04:00,38344.97,39565,37334.76,38060.71
2021-06-17T20:00:00-04:00,38060.71,38198,35100,35811.41
2021-06-18T20:00:00-04:00,35811.41,36471.8,34704.08,35483
2021-06-19T20:00:00-04:00,35483.01,36155,33312,35588.64
2021-06-20T20:00:00-04:00,35588.63,35746.28,31250.51,31606
2021-06-21T20:00:00-04:00,31606,33274,28780.01,32496
2021-06-22T20:00:00-04:00,32496,34867.77,31711.5,33649
2021-06-23T20:00:00-04:00,33650,35406.74,32300,34644.64
2021-06-24T20:00:00-04:00,34644.65,35500,31250,31568.07
2021-06-25T20:00:00-04:00,31569.18,32720.52,30120,32255.56
2021-06-26T20:00:00-04:00,32250.15,34762,31960,34687.71
2021-06-27T20:00:00-04:00,34687.71,35279.38,33855,34487.22
2021-06-28T20:00:00-04:00,34486.58,36623,34206,35911.26
2021-06-29T20:00:00-04:00,35910.64,36089.96,34042.74,35031.39
2021-06-30T20:00:00-04:00,35031.39,35044.98,32672.04,33489.96
2021-07-01T20:00:00-04:00,33489.96,33960,32684,33760.94
2021-07-02T20:00:00-04:00,33760.94,34948.16,33296.98,34652.94
2021-07-03T20:00:00-04:00,34653.32,35955.55,34340.75,35280.16
2021-07-04T20:00:00-04:00,35280.17,35281.55,33032,33672.72
2021-07-05T20:00:00-04:00,33672.72,35120,33500,34206.01
2021-07-06T20:00:00-04:00,34206,35089.56,33756.48,33845.64
2021-07-07T20:00:00-04:00,33845.63,33910,32066,32852.04
2021-07-08T20:00:00-04:00,32855,34100,32250,33805.01
2021-07-09T20:00:00-04:00,33805.01,34248.58,33010,33497.98
2021-07-10T20:00:00-04:00,33497.98,34629.62,33306.03,34253.81
2021-07-11T20:00:00-04:00,34253.88,34662.73,32650,33070.87
2021-07-12T20:00:00-04:00,33070.86,33336,32186.99,32709.09
2021-07-13T20:00:00-04:00,32708.66,33176.47,31556.02,32803.01
2021-07-14T20:00:00-04:00,32803,33170,31140,31866.43
2021-07-15T20:00:00-04:00,31865.53,32245,31018.59,31382.95
2021-07-16T20:00:00-04:00,31382.96,31945,31150.02,31496.65
2021-07-17T20:00:00-04:00,31496.65,32435.93,31075.1,31767
2021-07-18T20:00:00-04:00,31765.23,31890,30358.77,30823.62
2021-07-19T20:00:00-04:00,30823.62,31050,29242.24,29775.9
2021-07-20T20:00:00-04:00,29775.89,32883.9,29472.41,32120
2021-07-21T20:00:00-04:00,32120,32583.48,31700,32268.11
2021-07-22T20:00:00-04:00,32268.12,33650,31970.82,33634.46
2021-07-23T20:00:00-04:00,33631.74,34471,33379.81,34230
2021-07-24T20:00:00-04:00,34230,35400,33812,35370.66
2021-07-25T20:00:00-04:00,35370.67,48168.6,35185.49,37218.09
2021-07-26T20:00:00-04:00,37218.09,39546.34,36384.31,39442.33
2021-07-27T20:00:00-04:00,39448.06,40894,38753,40003.08
2021-07-28T20:00:00-04:00,40003.08,40665,39203.83,40012.9
2021-07-29T20:00:00-04:00,40012.89,42316.6,38320,42203.25
2021-07-30T20:00:00-04:00,42202.6,42494,41030.19,41448.11
2021-07-31T20:00:00-04:00,41448.1,42614.98,39350.4,39846.78
2021-08-01T20:00:00-04:00,39846.78,40450,38658,39147.48
2021-08-02T20:00:00-04:00,39147.47,39774.93,37600,38203.26
2021-08-03T20:00:00-04:00,38201.33,39975.32,37500,39731.31
2021-08-04T20:00:00-04:00,39731.31,41350,37291,40882.4
2021-08-05T20:00:00-04:00,40882.39,43400,39849.82,42825.43
2021-08-06T20:00:00-04:00,42825.43,44753.01,42395.2,44601.11
2021-08-07T20:00:00-04:00,44601.11,45350,43265,43787.71
2021-08-08T20:00:00-04:00,43787.71,46483,42785,46259.7
2021-08-09T20:00:00-04:00,46259.7,46800,44670.05,45589.99
2021-08-10T20:00:00-04:00,45589.99,46754.27,45354,45522.12
2021-08-11T20:00:00-04:00,45522.13,46226.67,43800,44385.09
2021-08-12T20:00:00-04:00,44385.09,47980.69,44208.88,47792.52
2021-08-13T20:00:00-04:00,47792.52,48300,46000,47083.74
2021-08-14T20:00:00-04:00,47083.75,47388.75,45480,47006.02
2021-08-15T20:00:00-04:00,47006.02,48074.23,45682.03,45926.23
2021-08-16T20:00:00-04:00,45926.23,47194,44412.01,44704.84
2021-08-17T20:00:00-04:00,44704.85,46050,44227.32,44714.09
2021-08-18T20:00:00-04:00,44714.09,47100,43938.38,46772
2021-08-19T20:00:00-04:00,46772,49500,46650,49332.74
2021-08-20T20:00:00-04:00,49332.99,49833,48250,48848.29
2021-08-21T20:00:00-04:00,48846.11,49556.2,48075.81,49273.28
2021-08-22T20:00:00-04:00,49273.28,50600,49075.01,49523.91
2021-08-23T20:00:00-04:00,49523.23,49888.88,47600,47719.36
2021-08-24T20:00:00-04:00,47719.37,49297.8,47130.57,48992.65
2021-08-25T20:00:00-04:00,48992.65,49380,46280,46853.06
2021-08-26T20:00:00-04:00,46854.22,49220,46359.97,49083.98
2021-08-27T20:00:00-04:00,49082.13,49333,48395.65,48931.99
2021-08-28T20:00:00-04:00,48931.99,49769.2,47741.31,48795.41
2021-08-29T20:00:00-04:00,48795.42,48916.25,46876.49,47024.7
2021-08-30T20:00:00-04:00,47024.69,48298,46731.03,47150.32
2021-08-31T20:00:00-04:00,47150.32,49160.79,46550.99,48842.94
2021-09-01T20:00:00-04:00,48842.93,50420,48631.2,49299.14
2021-09-02T20:00:00-04:00,49299.14,51111,48333,50027.08
2021-09-03T20:00:00-04:00,50027.09,50582.08,49360,49940.74
2021-09-04T20:00:00-04:00,49942.2,51950,49462.59,51799.57
2021-09-05T20:00:00-04:00,51799.56,52830,51040,52683.97
2021-09-06T20:00:00-04:00,52683.98,52950,42088,46864.39
2021-09-07T20:00:00-04:00,46864.38,47347,44431,46062.29
2021-09-08T20:00:00-04:00,46060.02,47400,45500,46413.88
2021-09-09T20:00:00-04:00,46413.88,47037.5,44120,44860.83
2021-09-10T20:00:00-04:00,44860.83,45999,44737.4,45193.78
2021-09-11T20:00:00-04:00,45194.19,46512.2,44746.51,46046.73
2021-09-12T20:00:00-04:00,46048.02,46933.89,43323.93,44975.96
2021-09-13T20:00:00-04:00,44975.96,47272.98,44692.9,47087.18
2021-09-14T20:00:00-04:00,47087.18,48440.93,46675,48106.12
2021-09-15T20:00:00-04:00,48106.13,48488,47038.21,47745.55
2021-09-16T20:00:00-04:00,47745.55,48150,46750,47303.11
2021-09-17T20:00:00-04:00,47303.11,48850,47044.32,48285.15
2021-09-18T20:00:00-04:00,48284.61,48364.64,46840,47256.91
2021-09-19T20:00:00-04:00,47256.92,47345,42467.86,43026.6
2021-09-20T20:00:00-04:00,43026.61,43629.6,39503.58,40726.1
2021-09-21T20:00:00-04:00,40727.83,43989.98,40551.49,43520
2021-09-22T20:00:00-04:00,43520,44976.48,43056,44828.29
2021-09-23T20:00:00-04:00,44828.29,45134.33,40650,42798.49
2021-09-24T20:00:00-04:00,42798.49,42950,41630.26,42651.58
2021-09-25T20:00:00-04:00,42646.84,43940,40725.01,43150
2021-09-26T20:00:00-04:00,43150.01,44350,42059.13,42122.69
2021-09-27T20:00:00-04:00,42122.69,42749,40854,41006.32
2021-09-28T20:00:00-04:00,41002.96,42576.8,40708.73,41499.71
2021-09-29T20:00:00-04:00,41499.7,44100,41387.78,43796.57
2021-09-30T20:00:00-04:00,43799.49,48450,43260.01,48123.94
2021-10-01T20:00:00-04:00,48123.93,48338.68,47410,47626.61
2021-10-02T20:00:00-04:00,47626.62,49304.12,47071.26,48187.3
2021-10-03T20:00:00-04:00,48187.99,49544.48,46885.29,49198.22
2021-10-04T20:00:00-04:00,49199.78,51888,49009.21,51455.12
2021-10-05T20:00:00-04:00,51460.22,56416.02,50410,55321.6
2021-10-06T20:00:00-04:00,55327.45,55337.8,53374.34,53814.99
2021-10-07T20:00:00-04:00,53814.99,56208.73,53647.3,53975
2021-10-08T20:00:00-04:00,53974.99,55589,53656.66,54960.77
2021-10-09T20:00:00-04:00,54960.79,56789,54101,54700
2021-10-10T20:00:00-04:00,54700,57880,54458,57500.01
2021-10-11T20:00:00-04:00,57500.01,57756.52,53750,56011.84
2021-10-12T20:00:00-04:00,56011.83,57822.38,54271.24,57393.65
2021-10-13T20:00:00-04:00,57393.65,58586.67,56800,57378.19
2021-10-14T20:00:00-04:00,57377.12,63997.61,56900,61702.33
2021-10-15T20:00:00-04:00,61702.33,62444.23,60220,60925.56
2021-10-16T20:00:00-04:00,60925.56,61796.47,58850,61571.45
2021-10-17T20:00:00-04:00,61571.45,62800,59897.61,62037.92
2021-10-18T20:00:00-04:00,62037.92,64500,61300,64316.7
2021-10-19T20:00:00-04:00,64314.75,67150,63518.81,66064.24
2021-10-20T20:00:00-04:00,66064.25,66750,62000,62260.33
2021-10-21T20:00:00-04:00,62260.33,63796.2,60011.9,60734.27
2021-10-22T20:00:00-04:00,60734.28,61780,59622,61325.11
2021-10-23T20:00:00-04:00,61325.09,61550,59504.46,60902.82
2021-10-24T20:00:00-04:00,60902.82,63795.98,60701,63127.04
2021-10-25T20:00:00-04:00,63129.25,63362.06,59838.05,60358.75
2021-10-26T20:00:00-04:00,60358.74,61550,57865,58449.36
2021-10-27T20:00:00-04:00,58449.36,62641.26,57550,60622.03
2021-10-28T20:00:00-04:00,60622.02,63069.71,60222,62308.22
2021-10-29T20:00:00-04:00,62308.21,62415.85,60631.23,61895.19
2021-10-30T20:00:00-04:00,61895.19,62462.99,60008,61348.61
2021-10-31T20:00:00-04:00,61347.14,62543.58,59400,60942.87
2021-11-01T20:00:00-04:00,60942.87,64349.55,60659.58,63266.69
2021-11-02T20:00:00-04:00,63266.69,63613,60300,62946.45
2021-11-03T20:00:00-04:00,62946.45,63149,60703,61431.86
2021-11-04T20:00:00-04:00,61433.9,62671.48,60762,61006
2021-11-05T20:00:00-04:00,61006,61645.75,60100,61511.3
2021-11-06T20:00:00-04:00,61511.3,63377.58,61368.26,63316.4
2021-11-07T19:00:00-05:00,63316.4,67932.89,63308.7,67606.96
2021-11-08T19:00:00-05:00,67606.96,68675.16,66300,67009.98
2021-11-09T19:00:00-05:00,67010.65,69198.7,62400.51,64920.13
2021-11-10T19:00:00-05:00,64920.13,65646.98,64147.12,64831.3
2021-11-11T19:00:00-05:00,64831.2,65500,62313,64156.08
2021-11-12T19:00:00-05:00,64156.08,65073.24,63430.01,64427
2021-11-13T19:00:00-05:00,64426.99,65569.99,63640,65568.39
2021-11-14T19:00:00-05:00,65568.38,66395.05,63351.58,63654.49
2021-11-15T19:00:00-05:00,63654.49,63655.77,58397.14,60106.03
2021-11-16T19:00:00-05:00,60106.03,60848.85,58336.68,60366.96
2021-11-17T19:00:00-05:00,60366.97,60999,56505.48,56921.05
2021-11-18T19:00:00-05:00,56921.04,58333,55604,58069.51
2021-11-19T19:00:00-05:00,58069.52,59873.84,57372,59716.29
2021-11-20T19:00:00-05:00,59716.28,60052.82,58518.88,58661.39
2021-11-21T19:00:00-05:00,58648.87,59624.56,55600,56268.31
2021-11-22T19:00:00-05:00,56268.31,57888,55250,57574.23
2021-11-23T19:00:00-05:00,57574.24,57775.27,55900,57165.08
2021-11-24T19:00:00-05:00,57165.09,59449.62,57029,58988.21
2021-11-25T19:00:00-05:00,58988.36,59186.41,53500,53755.65
2021-11-26T19:00:00-05:00,53755.66,55300,53640.69,54738.77
2021-11-27T19:00:00-05:00,54738.77,57474.76,53245,57315.73
2021-11-28T19:00:00-05:00,57315.72,58924.21,56715,57827.98
2021-11-29T19:00:00-05:00,57827.97,59224.99,55900,56975
2021-11-30T19:00:00-05:00,56978.06,59100,56500,57209.29
2021-12-01T19:00:00-05:00,57209.28,57428.49,55800,56513.57
2021-12-02T19:00:00-05:00,56513.56,57670,50604,53612
2021-12-03T19:00:00-05:00,53611.86,53889.69,40888.89,49135.66
2021-12-04T19:00:00-05:00,49135.66,49699.49,47755,49376.6
2021-12-05T19:00:00-05:00,49373.83,50888,47000,50424.72
2021-12-06T19:00:00-05:00,50424.72,51929,50012,50577.2
2021-12-07T19:00:00-05:00,50577.2,51210.6,48533.33,50455.61
2021-12-08T19:00:00-05:00,50459.61,50773.03,47312.89,47539.76
2021-12-09T19:00:00-05:00,47539.34,50188.42,46828.23,47136.35
2021-12-10T19:00:00-05:00,47132.31,49499.05,46724.35,49381.15
2021-12-11T19:00:00-05:00,49379.51,50768,48616.16,50057.01
2021-12-12T19:00:00-05:00,50057.02,50180,45600,46679.93
2021-12-13T19:00:00-05:00,46679.93,48657.92,46255.6,48324.04
2021-12-14T19:00:00-05:00,48324,49479.75,46518.73,48870.48
2021-12-15T19:00:00-05:00,48870.48,49439.79,47500,47624.5
2021-12-16T19:00:00-05:00,47629.1,47988.27,45373.11,46125.33
2021-12-17T19:00:00-05:00,46125.33,47336.99,45438.43,46815.99
2021-12-18T19:00:00-05:00,46815.99,48461.17,46399.37,46668.63
2021-12-19T19:00:00-05:00,46668.65,47533.42,45530.67,46898.14
2021-12-20T19:00:00-05:00,46896.82,49298.78,46650,48875.15
2021-12-21T19:00:00-05:00,48875.88,49599,48420.02,48569.69
2021-12-22T19:00:00-05:00,48569.69,51377.74,48020,50817.92
2021-12-23T19:00:00-05:00,50817.94,51805,50379.25,50808.55
2021-12-24T19:00:00-05:00,50809.37,51190,50105,50403.64
2021-12-25T19:00:00-05:00,50403.64,51300,49350,50765.73
2021-12-26T19:00:00-05:00,50765.73,52134,50450,50707.72
2021-12-27T19:00:00-05:00,50707.72,50713.56,47290,47522.03
2021-12-28T19:00:00-05:00,47522.02,48125.97,46000,46436.54
2021-12-29T19:00:00-05:00,46436.53,47911.68,45880,47095.02
2021-12-30T19:00:00-05:00,47095.02,48575,45650,46210.56
2021-12-31T19:00:00-05:00,46210.57,47943.77,46210.55,47704.35
2022-01-01T19:00:00-05:00,47704.35,48000,46605.68,47280
2022-01-02T19:00:00-05:00,47280.01,47575.22,45665.4,46445.81
2022-01-03T19:00:00-05:00,46445.8,47524.36,45445.57,45833.42
2022-01-04T19:00:00-05:00,45833.41,47075.29,42270,43421.69
2022-01-05T19:00:00-05:00,43421.7,43766,42385.83,43080.01
2022-01-06T19:00:00-05:00,43080.01,43135,40456.56,41553.86
2022-01-07T19:00:00-05:00,41553.87,42335,40500,41688.05
2022-01-08T19:00:00-05:00,41688.05,42773.85,41170,41851.22
2022-01-09T19:00:00-05:00,41851.22,42219.84,39610,41801.55
2022-01-10T19:00:00-05:00,41801.55,43118,41255,42700.68
2022-01-11T19:00:00-05:00,42700.69,44300,42415,43880.72
2022-01-12T19:00:00-05:00,43880.72,44396.68,42301.16,42534.32
2022-01-13T19:00:00-05:00,42538.72,43450,41666,43042.4
2022-01-14T19:00:00-05:00,43042.4,43800,42530.64,43070.51
2022-01-15T19:00:00-05:00,43070.51,43464.71,42531.69,43060.66
2022-01-16T19:00:00-05:00,43060.66,43159.32,41523.68,42176.34
2022-01-17T19:00:00-05:00,42176.34,42680,41260,42337.58
2022-01-18T19:00:00-05:00,42337.58,42545,41115.64,41657.89
2022-01-19T19:00:00-05:00,41656.9,43495,40550,40661.69
2022-01-20T19:00:00-05:00,40662.06,41095.76,35380.92,36425.98
2022-01-21T19:00:00-05:00,36426.46,36817.74,33950,35043.73
2022-01-22T19:00:00-05:00,35043.73,36496.92,34588.8,36230.01
2022-01-23T19:00:00-05:00,36230,37528,32853.83,36648.31
2022-01-24T19:00:00-05:00,36648.3,37561.03,35693,36934.26
2022-01-25T19:00:00-05:00,36934.26,38886.58,36232.42,36787.43
2022-01-26T19:00:00-05:00,36787.42,37200,35471.53,37131
2022-01-27T19:00:00-05:00,37131,38000,36149.02,37696.21
2022-01-28T19:00:00-05:00,37696.22,38750.94,37252,38150.01
2022-01-29T19:00:00-05:00,38150,38420.3,37334.83,37870.01
2022-01-30T19:00:00-05:00,37870,38741.73,36620,38439.04
2022-01-31T19:00:00-05:00,38439.04,39260.26,37969,38680.51
2022-02-01T19:00:00-05:00,38680.51,38834.18,36529.81,36892.03
2022-02-02T19:00:00-05:00,36892.05,37395,36204.3,37289.86
2022-02-03T19:00:00-05:00,37287.33,41741.76,37011,41550
2022-02-04T19:00:00-05:00,41549.99,41922,40920,41374.69
2022-02-05T19:00:00-05:00,41374.68,42656.8,41100,42361.35
2022-02-06T19:00:00-05:00,42361.34,44541.16,41609.76,43829.99
2022-02-07T19:00:00-05:00,43829.99,45600,42641,44021.57
2022-02-08T19:00:00-05:00,44021.58,44826,43089.08,44358.08
2022-02-09T19:00:00-05:00,44358.09,45847.5,43136.96,43471.29
2022-02-10T19:00:00-05:00,43471.3,43900,41914.23,42366
2022-02-11T19:00:00-05:00,42365.99,42980,41540,42199.87
2022-02-12T19:00:00-05:00,42199.88,42755.97,41850,42041.13
2022-02-13T19:00:00-05:00,42041.12,42888,41526,42525.14
2022-02-14T19:00:00-05:00,42525.14,44777,42406.23,44529.6
2022-02-15T19:00:00-05:00,44529.7,44536.8,43277.8,43860.7
2022-02-16T19:00:00-05:00,43860.8,44150,40020.1,40491.7
2022-02-17T19:00:00-05:00,40491.8,40944.1,39422,39966.8
2022-02-18T19:00:00-05:00,39966.8,40438.7,39610.3,40052.6
2022-02-19T19:00:00-05:00,40052.6,40100.1,37905,38368.1
2022-02-20T19:00:00-05:00,38367.9,39510,36762,36986.4
2022-02-21T19:00:00-05:00,36986.4,38450,36310.1,38212
2022-02-22T19:00:00-05:00,38212.1,39250,36963.2,37227.8
2022-02-23T19:00:00-05:00,37227.9,40376.1,34303.7,38315.1
2022-02-24T19:00:00-05:00,38316.2,39750,37999.2,39205.4
2022-02-25T19:00:00-05:00,39205.4,40441.1,38561.7,39099.3
2022-02-26T19:00:00-05:00,39099.3,39868.6,36934.6,37672
2022-02-27T19:00:00-05:00,37672.1,44341,37414.4,43155
2022-02-28T19:00:00-05:00,43155,44935,42765.4,44394.1
2022-03-01T19:00:00-05:00,44393.6,45350,43321,43885.7
2022-03-02T19:00:00-05:00,43885.8,44080,41831,42449.5
2022-03-03T19:00:00-05:00,42449.6,42525.3,38521,39127.7
2022-03-04T19:00:00-05:00,39127.7,39580,38547.6,39375.1
2022-03-05T19:00:00-05:00,39375,39690,38056,38401.1
2022-03-06T19:00:00-05:00,38401.1,39550,37134,37963.8
2022-03-07T19:00:00-05:00,37963.7,39340.5,37853,38709.9
2022-03-08T19:00:00-05:00,38709.9,42647.5,38638.7,41937.5
2022-03-09T19:00:00-05:00,41939.5,42034.3,38512,39407.2
2022-03-10T19:00:00-05:00,39407.1,40242,38200.1,38713
2022-03-11T19:00:00-05:00,38713.1,39578.4,38630,38792.6
2022-03-12T19:00:00-05:00,38792.7,39300,37500,37743.7
2022-03-13T20:00:00-04:00,37743,39989,37522.1,39653.8
2022-03-14T20:00:00-04:00,39651.6,39901.8,38073.8,39271
2022-03-15T20:00:00-04:00,39270.9,41804,38700,41105.8
2022-03-16T20:00:00-04:00,41105.9,41498.4,40442.8,40898.1
2022-03-17T20:00:00-04:00,40898,42322.8,40084.2,41751.5
2022-03-18T20:00:00-04:00,41751.6,42446.6,41500,42188.2
2022-03-19T20:00:00-04:00,42188.2,42269.3,40900,41261
2022-03-20T20:00:00-04:00,41261,41544.4,40430,40982
2022-03-21T20:00:00-04:00,40982,43517.7,40852,42349.8
2022-03-22T20:00:00-04:00,42349.9,43051,41731.3,42867.9
2022-03-23T20:00:00-04:00,42867.8,44200,42525,43973.4
2022-03-24T20:00:00-04:00,43973.2,45142,43575.1,44290.6
2022-03-25T20:00:00-04:00,44290.6,44785,44041,44489.2
2022-03-26T20:00:00-04:00,44489.3,47047,44416,46820.8
2022-03-27T20:00:00-04:00,46820.9,48200,46651.2,47121.9
2022-03-28T20:00:00-04:00,47121.8,48100,46911,47418.5
2022-03-29T20:00:00-04:00,47418.5,47688.6,46535,47053.2
2022-03-30T20:00:00-04:00,47053.1,47619.4,45185,45506
2022-03-31T20:00:00-04:00,45505.9,46700,44206.2,46266.2
2022-04-01T20:00:00-04:00,46266.2,47236.8,45600,45794.6
2022-04-02T20:00:00-04:00,45792.3,47448,45501,46392.4
2022-04-03T20:00:00-04:00,46392.3,46895.5,45094,46580.9
2022-04-04T20:00:00-04:00,46580.9,47188,45300,45477.4
2022-04-05T20:00:00-04:00,45477.5,45494.2,43100,43159.7
2022-04-06T20:00:00-04:00,43159.8,43888,42685,43417.1
2022-04-07T20:00:00-04:00,43417.1,43968.1,42074,42229.2
2022-04-08T20:00:00-04:00,42229.1,42796.7,42100.3,42727.7
2022-04-09T20:00:00-04:00,42727.8,43399.4,41838,42140.4
2022-04-10T20:00:00-04:00,42140.3,42399.9,39136.7,39505.6
2022-04-11T20:00:00-04:00,39505.6,40700,39224,40060.7
2022-04-12T20:00:00-04:00,40060.7,41580,39569.8,41129.8
2022-04-13T20:00:00-04:00,41129.8,41474.8,39522,39915.9
2022-04-14T20:00:00-04:00,39915.9,40888,39734.2,40529.5
2022-04-15T20:00:00-04:00,40529.6,40700,39944.9,40361
2022-04-16T20:00:00-04:00,40360.9,40574.1,39510,39649.1
2022-04-17T20:00:00-04:00,39649.1,41310,38465.7,40785.6
2022-04-18T20:00:00-04:00,40785.7,41788,40543.7,41472.9
2022-04-19T20:00:00-04:00,41472.9,42166.8,40800,41327.7
2022-04-20T20:00:00-04:00,41326,42966,39630,40449.8
2022-04-21T20:00:00-04:00,40449.7,40786.1,39133,39674.2
2022-04-22T20:00:00-04:00,39674.3,40000,39259,39415.1
2022-04-23T20:00:00-04:00,39413.8,39930.6,38884.1,39433.4
2022-04-24T20:00:00-04:00,39433.4,40650,38111,40411
2022-04-25T20:00:00-04:00,40411,40800,37671.8,38093.7
2022-04-26T20:00:00-04:00,38093.7,39470,37844.5,39209
2022-04-27T20:00:00-04:00,39209,40376.6,38861.8,39732.5
2022-04-28T20:00:00-04:00,39732.5,39924.8,38160,38572.2
2022-04-29T20:00:00-04:00,38572.2,38782.6,37550,37614.5
2022-04-30T20:00:00-04:00,37614.4,38680.6,37350,38440.5
2022-05-01T20:00:00-04:00,38440.2,39222,38032.2,38525.6
2022-05-02T20:00:00-04:00,38525.5,38674.7,37500.1,37712.9
2022-05-03T20:00:00-04:00,37713,40071.7,37655.2,39684
2022-05-04T20:00:00-04:00,39684.1,39845,35388,36534.7
2022-05-05T20:00:00-04:00,36533.7,36679.3,35200,35995.3
2022-05-06T20:00:00-04:00,35995.2,36138,34700,35466.7
2022-05-07T20:00:00-04:00,35466.7,35504,33665,34032
2022-05-08T20:00:00-04:00,34032.1,34243.3,30003.6,30056.6
2022-05-09T20:00:00-04:00,30056,32650,29701.4,31002.1
2022-05-10T20:00:00-04:00,31002.1,32197.6,27651,29074.7
2022-05-11T20:00:00-04:00,29077.9,30257,26631,29020.7
2022-05-12T20:00:00-04:00,29020.8,31072.6,28730.4,29274.3
2022-05-13T20:00:00-04:00,29274.2,30352.2,28602.3,30079.8
2022-05-14T20:00:00-04:00,30079.5,31462,29448,31324.4
2022-05-15T20:00:00-04:00,31324.3,31327.4,29052.3,29866.7
2022-05-16T20:00:00-04:00,29866.4,30794,29420,30437
2022-05-17T20:00:00-04:00,30437,30700,28629.6,28700.6
2022-05-18T20:00:00-04:00,28700.6,30550,28670.5,30319.9
2022-05-19T20:00:00-04:00,30319.9,30784.4,28702,29188.9
2022-05-20T20:00:00-04:00,29188.9,29650,28927,29427.4
2022-05-21T20:00:00-04:00,29427.4,30500,29223.6,30284
2022-05-22T20:00:00-04:00,30284,30658,28840.7,29097.7
2022-05-23T20:00:00-04:00,29097.8,29887.3,28637.6,29643.1
2022-05-24T20:00:00-04:00,29643,30246.7,29330,29536.7
2022-05-25T20:00:00-04:00,29536.7,29877,27952.1,29194
2022-05-26T20:00:00-04:00,29194,29387,28259.6,28623.2
2022-05-27T20:00:00-04:00,28623.3,29265.7,28520,29018.8
2022-05-28T20:00:00-04:00,29018.8,29595.2,28825,29452.8
2022-05-29T20:00:00-04:00,29452.6,32307.6,29301.1,31726.5
2022-05-30T20:00:00-04:00,31726.5,32427.5,31222,31797.8
2022-05-31T20:00:00-04:00,31797.9,31986.1,29300,29796.9
2022-06-01T20:00:00-04:00,29796.9,30750,29566.1,30437.1
2022-06-02T20:00:00-04:00,30437.1,30693.2,29220,29682.8
2022-06-03T20:00:00-04:00,29682.8,29988,29456,29848.4
2022-06-04T20:00:00-04:00,29848.5,30250,29524,29909.9
2022-06-05T20:00:00-04:00,29910,31780,29876.2,31361.2
2022-06-06T20:00:00-04:00,31361.2,31599,29190,31118.1
2022-06-07T20:00:00-04:00,31118,31325,29825,30192.5
2022-06-08T20:00:00-04:00,30192.6,30691.9,29914.5,30093.3
2022-06-09T20:00:00-04:00,30093.4,30374.1,28805,29077.7
2022-06-10T20:00:00-04:00,29077.7,29427.9,28080,28416.7
2022-06-11T20:00:00-04:00,28416.6,28530.3,26538.7,26564.7
2022-06-12T20:00:00-04:00,26564.7,26877,21900,22471.5
2022-06-13T20:00:00-04:00,22471.4,23424.2,20823,22122.7
2022-06-14T20:00:00-04:00,22122.7,22800,20100.2,22567.5
2022-06-15T20:00:00-04:00,22567.5,23000,20222,20387.4
2022-06-16T20:00:00-04:00,20387.4,21388,20228,20457.3
2022-06-17T20:00:00-04:00,20457.3,20768.4,17593.2,18959.7
2022-06-18T20:00:00-04:00,18959.7,20821,17935.9,20564.2
2022-06-19T20:00:00-04:00,20564.3,21099.9,19630,20570.1
2022-06-20T20:00:00-04:00,20570,21740,20337.8,20713.1
2022-06-21T20:00:00-04:00,20713.1,20888,19745.7,19977.4
2022-06-22T20:00:00-04:00,19977.5,21250,19874,21096.6
2022-06-23T20:00:00-04:00,21096.6,21563.5,20732.5,21231.2
2022-06-24T20:00:00-04:00,21231.2,21627.6,20894,21481.9
2022-06-25T20:00:00-04:00,21481.9,21888,20952,21029.1
2022-06-26T20:00:00-04:00,21029.1,21560,20500,20730
2022-06-27T20:00:00-04:00,20730,21198,20188,20268.6
2022-06-28T20:00:00-04:00,20268.7,20430,19817.2,20109.9
2022-06-29T20:00:00-04:00,20109.9,20165,18563,19923.5
2022-06-30T20:00:00-04:00,19923.3,20926.4,18948.8,19272
2022-07-01T20:00:00-04:00,19272,19456,18959,19240.9
2022-07-02T20:00:00-04:00,19241,19645.4,18780.1,19305.9
2022-07-03T20:00:00-04:00,19306,20350,19046.3,20226.6
2022-07-04T20:00:00-04:00,20226.3,20749.2,19291.6,20170
2022-07-05T20:00:00-04:00,20170.1,20667.6,19753,20554.1
2022-07-06T20:00:00-04:00,20554.2,21830,20244.9,21613.4
2022-07-07T20:00:00-04:00,21614.5,22579.9,21175.2,21587.9
2022-07-08T20:00:00-04:00,21587.8,22000,21309.6,21580
2022-07-09T20:00:00-04:00,21580,21594.2,20600,20853.8
2022-07-10T20:00:00-04:00,20853.8,20853.9,19870,19954.3
2022-07-11T20:00:00-04:00,19954.3,20048.9,19228.3,19322.9
2022-07-12T20:00:00-04:00,19322.9,20401.6,18901,20220.1
2022-07-13T20:00:00-04:00,20220.1,20900,19600,20578.6
2022-07-14T20:00:00-04:00,20578.6,21200,20364.3,20823.1
2022-07-15T20:00:00-04:00,20823.1,21580,20471,21183.5
2022-07-16T20:00:00-04:00,21183.6,21674.1,20742,20794.4
2022-07-17T20:00:00-04:00,20794.4,22800,20764.4,22423.9
2022-07-18T20:00:00-04:00,22423.5,23817.9,21575,23385.9
2022-07-19T20:00:00-04:00,23385.9,24277,22912.4,23221.5
2022-07-20T20:00:00-04:00,23221.5,23441.1,22340.2,23144.5
2022-07-21T20:00:00-04:00,23144.5,23750,22500,22675.1
2022-07-22T20:00:00-04:00,22675,22990,21933.5,22440.2
2022-07-23T20:00:00-04:00,22440.1,22999,22256.4,22570.6
2022-07-24T20:00:00-04:00,22570.6,22656.8,21232,21300
2022-07-25T20:00:00-04:00,21300,21334.4,20689.6,21241
2022-07-26T20:00:00-04:00,21241,23100,21031,22941.1
2022-07-27T20:00:00-04:00,22941.1,24194.6,22583.1,23836.2
2022-07-28T20:00:00-04:00,23836.2,24500,23426.3,23771.1
2022-07-29T20:00:00-04:00,23771,24700,23505,23629.9
2022-07-30T20:00:00-04:00,23630,24187.3,23222,23290.1
2022-07-31T20:00:00-04:00,23290.1,23497,22836.2,23257.6
2022-08-01T20:00:00-04:00,23257.6,23448.7,22603,22975.1
2022-08-02T20:00:00-04:00,22975.1,23650,22665.3,22801.5
2022-08-03T20:00:00-04:00,22801.5,23211.3,22370,22608.9
2022-08-04T20:00:00-04:00,22608.9,23450,22580.6,23298.1
2022-08-05T20:00:00-04:00,23298,23341.8,22883.6,22943.3
2022-08-06T20:00:00-04:00,22943.2,23400,22830.9,23167.8
2022-08-07T20:00:00-04:00,23167.9,24243,23153.1,23804.4
2022-08-08T20:00:00-04:00,23804.3,23913.4,22850,23140.2
2022-08-09T20:00:00-04:00,23140.1,24235.2,22608,23940.9
2022-08-10T20:00:00-04:00,23941,24972,23840.6,23917.2
2022-08-11T20:00:00-04:00,23917.3,24438.8,23560,24387.5
2022-08-12T20:00:00-04:00,24387.5,24879,24267.5,24429
2022-08-13T20:00:00-04:00,24429,25065,24138,24294.1
2022-08-14T20:00:00-04:00,24294.1,25200,23762,24085.2
2022-08-15T20:00:00-04:00,24085.2,24234,23650,23843
2022-08-16T20:00:00-04:00,23843,24437,23170,23333.1
2022-08-17T20:00:00-04:00,23333.1,23595,23101,23185.1
2022-08-18T20:00:00-04:00,23185,23200,20760,20824.9
2022-08-19T20:00:00-04:00,20825,21368.9,20742.9,21127.8
2022-08-20T20:00:00-04:00,21127.7,21804.6,21055,21505.6
2022-08-21T20:00:00-04:00,21505.6,21550,20858.6,21387
2022-08-22T20:00:00-04:00,21387,21667.2,20874.8,21518.2
2022-08-23T20:00:00-04:00,21518.2,21925.6,21132.3,21354.9
2022-08-24T20:00:00-04:00,21355,21810.9,21295.3,21548.3
2022-08-25T20:00:00-04:00,21548.3,21867.6,20100,20228.7
2022-08-26T20:00:00-04:00,20228.7,20367.7,19744,20023.9
2022-08-27T20:00:00-04:00,20024,20155,19508,19547.5
2022-08-28T20:00:00-04:00,19547.6,20440,19539.4,20275.5
2022-08-29T20:00:00-04:00,20275.6,20574,19524.4,19803.1
2022-08-30T20:00:00-04:00,19803.2,20496,19787.9,20041.5
2022-08-31T20:00:00-04:00,20041.4,20198.3,19555,20122.5
2022-09-01T20:00:00-04:00,20122.6,20434.3,19736,19941
2022-09-02T20:00:00-04:00,19941,20050,19628.7,19820.7
2022-09-03T20:00:00-04:00,19820.7,20022.4,19570,19992.7
2022-09-04T20:00:00-04:00,19992.7,20046.7,19620.2,19784.9
2022-09-05T20:00:00-04:00,19784.9,20174.7,18600,18781.5
2022-09-06T20:00:00-04:00,18781.4,19455,18500,19287
2022-09-07T20:00:00-04:00,19287,19450,19003.8,19309.3
2022-09-08T20:00:00-04:00,19309.3,21666,19283,21352
2022-09-09T20:00:00-04:00,21352,21825,21112.2,21639.5
2022-09-10T20:00:00-04:00,21639.5,21883.4,21336,21820.3
2022-09-11T20:00:00-04:00,21820.3,22474,21540,22386
2022-09-12T20:00:00-04:00,22386,22850,19840,20162.5
2022-09-13T20:00:00-04:00,20162.6,20528.5,19600,20217
2022-09-14T20:00:00-04:00,20217,20315,19453,19690.8
2022-09-15T20:00:00-04:00,19690.8,19878,19300,19792.5
2022-09-16T20:00:00-04:00,19792.4,20182.6,19739.4,20102
2022-09-17T20:00:00-04:00,20102,20105.3,19325.8,19404.5
2022-09-18T20:00:00-04:00,19404.5,19686.3,18215,19528.6
2022-09-19T20:00:00-04:00,19528.6,19625,18690.1,18866.8
2022-09-20T20:00:00-04:00,18866.7,20154.1,18084.3,18447.5
2022-09-21T20:00:00-04:00,18447.6,19504.8,18345.2,19392.5
2022-09-22T20:00:00-04:00,19392.5,19492,18518.5,19280.7
2022-09-23T20:00:00-04:00,19280.7,19304.5,18798,18911
2022-09-24T20:00:00-04:00,18910.9,19196,18621,18799.7
2022-09-25T20:00:00-04:00,18799.7,19311.5,18671,19216.3
2022-09-26T20:00:00-04:00,19216.3,20375,18801.5,19070.1
2022-09-27T20:00:00-04:00,19070.1,19787.6,18460,19407.3
2022-09-28T20:00:00-04:00,19407.4,19648.8,18827.2,19582.5
2022-09-29T20:00:00-04:00,19582.5,20172.7,19066,19411.7
2022-09-30T20:00:00-04:00,19411.6,19474,19140,19304
2022-10-01T20:00:00-04:00,19304,19389,18896,19049.4
2022-10-02T20:00:00-04:00,19049.3,19723.7,18950.8,19622
2022-10-03T20:00:00-04:00,19621.9,20500,19480.1,20333
2022-10-04T20:00:00-04:00,20332.9,20356.1,19707,20150
2022-10-05T20:00:00-04:00,20149.9,20443.9,19843.3,19954
2022-10-06T20:00:00-04:00,19954,20067,19304.4,19520.9
2022-10-07T20:00:00-04:00,19520.9,19619.6,19200,19406.2
2022-10-08T20:00:00-04:00,19406.3,19550,19310,19430
2022-10-09T20:00:00-04:00,19430,19513,19000,19124
2022-10-10T20:00:00-04:00,19124.1,19260,18850,19055
2022-10-11T20:00:00-04:00,19055,19240,18924.3,19148
2022-10-12T20:00:00-04:00,19148.1,19498.6,17917.8,19365.5
2022-10-13T20:00:00-04:00,19365.4,19947.9,19059.6,19164.6
2022-10-14T20:00:00-04:00,19164.6,19218.8,18966,19060.4
2022-10-15T20:00:00-04:00,19060.4,19415.9,19058,19251.9
2022-10-16T20:00:00-04:00,19251.8,19666,19148,19540.6
2022-10-17T20:00:00-04:00,19540.7,19706.4,19081,19320.9
2022-10-18T20:00:00-04:00,19320.9,19349.8,19050,19116.7
2022-10-19T20:00:00-04:00,19116.6,19350,18882.4,19034.7
2022-10-20T20:00:00-04:00,19034.8,19240,18600,19150.9
2022-10-21T20:00:00-04:00,19151,19250,19103.5,19195.1
2022-10-22T20:00:00-04:00,19195.1,19690,19050,19560.7
2022-10-23T20:00:00-04:00,19560.6,19593.3,19146,19318.1
2022-10-24T20:00:00-04:00,19318.1,20415,19228,20068.3
2022-10-25T20:00:00-04:00,20068.3,21030,20041.1,20758.3
2022-10-26T20:00:00-04:00,20758.4,20863.7,20170,20285.5
2022-10-27T20:00:00-04:00,20285.6,20740,19951,20582.8
2022-10-28T20:00:00-04:00,20582.7,21088,20547.8,20796.7
2022-10-29T20:00:00-04:00,20796.7,20925.2,20503,20615.6
2022-10-30T20:00:00-04:00,20615.5,20838.7,20225.4,20482
2022-10-31T20:00:00-04:00,20482.1,20687,20320,20472.1
2022-11-01T20:00:00-04:00,20472.1,20796,20050,20140.1
2022-11-02T20:00:00-04:00,20140.2,20400,20026,20199.7
2022-11-03T20:00:00-04:00,20199.8,21297,20171.6,21137.6
2022-11-04T20:00:00-04:00,21137.6,21473.7,21071.1,21289.9
2022-11-05T20:00:00-04:00,21289.8,21355.8,20863.3,20900
2022-11-06T19:00:00-05:00,20900,21062.6,20374,20578.6
2022-11-07T19:00:00-05:00,20578.5,20685,16830,18534
2022-11-08T19:00:00-05:00,18533.9,18574.9,15462.6,15905
2022-11-09T19:00:00-05:00,15905,18230,15730,17588
2022-11-10T19:00:00-05:00,17588,17678,16343,17058.3
2022-11-11T19:00:00-05:00,17058.4,17110.8,16623.8,16806.9
2022-11-12T19:00:00-05:00,16806.9,16950,16210.3,16321.2
2022-11-13T19:00:00-05:00,16321.3,17188,15805.5,16605.2
2022-11-14T19:00:00-05:00,16605.3,17127.2,16516.7,16888.3
2022-11-15T19:00:00-05:00,16888.3,17007.4,16358,16650.6
2022-11-16T19:00:00-05:00,16650.7,16741.7,16403.3,16682.1
2022-11-17T19:00:00-05:00,16682.1,16984.4,16541.1,16689.7
2022-11-18T19:00:00-05:00,16689.7,16814.5,16543.8,16692.9
2022-11-19T19:00:00-05:00,16693,16743.9,16167.1,16272.6
2022-11-20T19:00:00-05:00,16272.7,16304.3,15443.2,15773
2022-11-21T19:00:00-05:00,15772.9,16309,15610.3,16220.6
2022-11-22T19:00:00-05:00,16220.5,16703.4,16155.5,16595.8
2022-11-23T19:00:00-05:00,16595.8,16800,16450,16592.4
2022-11-24T19:00:00-05:00,16592.5,16639.9,16331.7,16516.1
2022-11-25T19:00:00-05:00,16516.2,16699.1,16369.1,16449.2
2022-11-26T19:00:00-05:00,16449.2,16594.2,16396,16422.6
2022-11-27T19:00:00-05:00,16422.5,16475,15984.1,16204.5
2022-11-28T19:00:00-05:00,16204.6,16543,16088,16433.2
2022-11-29T19:00:00-05:00,16433.3,17248.3,16421.5,17153.3
2022-11-30T19:00:00-05:00,17153.4,17348.5,16851.2,16970.5
2022-12-01T19:00:00-05:00,16970.5,17096.3,16760,17083
2022-12-02T19:00:00-05:00,17083,17160,16850.1,16879.5
2022-12-03T19:00:00-05:00,16879.5,17206.2,16874.1,17099.5
2022-12-04T19:00:00-05:00,17099.5,17430,16860.6,16958.3
2022-12-05T19:00:00-05:00,16958.2,17100,16899.9,17078.6
2022-12-06T19:00:00-05:00,17078.7,17130,16655,16828
2022-12-07T19:00:00-05:00,16828,17294.9,16710.4,17216
2022-12-08T19:00:00-05:00,17216,17365.4,17052,17122
2022-12-09T19:00:00-05:00,17122,17228.6,17081,17120
2022-12-10T19:00:00-05:00,17120.1,17265,17060,17077.3
2022-12-11T19:00:00-05:00,17077.3,17237.9,16865,17200
2022-12-12T19:00:00-05:00,17200,18100,17076,17777.1
2022-12-13T19:00:00-05:00,17777.1,18400,17659.4,17803.9
2022-12-14T19:00:00-05:00,17804,17849.5,17258,17351.8
2022-12-15T19:00:00-05:00,17351.9,17528,16521.1,16624.1
2022-12-16T19:00:00-05:00,16624.1,16790,16571.8,16768
2022-12-17T19:00:00-05:00,16768.1,16872,16656,16730.3
2022-12-18T19:00:00-05:00,16730.4,16809.6,16210,16429.2
2022-12-19T19:00:00-05:00,16429.2,17049.6,16390.3,16887.2
2022-12-20T19:00:00-05:00,16887.3,16924.2,16694.2,16819.6
2022-12-21T19:00:00-05:00,16819.7,16861.9,16556.1,16815.5
2022-12-22T19:00:00-05:00,16815.5,16960,16690,16776.4
2022-12-23T19:00:00-05:00,16776.3,16859.9,16774.4,16828.9
2022-12-24T19:00:00-05:00,16829,16850,16700,16824.4
2022-12-25T19:00:00-05:00,16824.5,16936.8,16781.1,16912.9
2022-12-26T19:00:00-05:00,16912.8,16968,16580,16698.2
2022-12-27T19:00:00-05:00,16698.2,16778.3,16455.6,16539
2022-12-28T19:00:00-05:00,16538.9,16659,16485.1,16630.3
2022-12-29T19:00:00-05:00,16630.3,16666.6,16320,16601.2
2022-12-30T19:00:00-05:00,16601.2,16640,16461.8,16537.6
2022-12-31T19:00:00-05:00,16537.5,16618.8,16488,16610.3
2023-01-01T19:00:00-05:00,16610.4,16799,16541.2,16666
2023-01-02T19:00:00-05:00,16665.9,16774,16600.3,16667.2
2023-01-03T19:00:00-05:00,16667.3,16984.6,16645.7,16842.1
2023-01-04T19:00:00-05:00,16842.2,16872.8,16740.4,16823.8
2023-01-05T19:00:00-05:00,16823.8,17030,16664.8,16943.8
2023-01-06T19:00:00-05:00,16943.9,16973.6,16900.1,16936.5
2023-01-07T19:00:00-05:00,16936.5,17181.1,16905,17124.7
2023-01-08T19:00:00-05:00,17124.6,17387.8,17098.2,17169.7
2023-01-09T19:00:00-05:00,17169.6,17485.4,17140.4,17428.8
2023-01-10T19:00:00-05:00,17428.8,18013.2,17306.4,17935.7
2023-01-11T19:00:00-05:00,17935.6,19120,17902.4,18838
2023-01-12T19:00:00-05:00,18838.1,19997.8,18711,19924.2
2023-01-13T19:00:00-05:00,19924.3,21544,19882.6,20962.8
2023-01-14T19:00:00-05:00,20962.8,21073.8,20556,20882.7
2023-01-15T19:00:00-05:00,20882.7,21498,20606.6,21188.3
2023-01-16T19:00:00-05:00,21188.2,21640,20827.8,21130.9
2023-01-17T19:00:00-05:00,21130.8,21672,20386,20680
2023-01-18T19:00:00-05:00,20680.1,21183.9,20659.9,21068.3
2023-01-19T19:00:00-05:00,21068.3,22750,20856.4,22661.1
2023-01-20T19:00:00-05:00,22661,23390,22422,22781.9
2023-01-21T19:00:00-05:00,22781.8,23080.2,22287,22704.6
2023-01-22T19:00:00-05:00,22704.7,23193.1,22500,22913.1
2023-01-23T19:00:00-05:00,22913.3,23158.7,22450,22627.4
2023-01-24T19:00:00-05:00,22627.5,23837.4,22310.5,23060.6
2023-01-25T19:00:00-05:00,23060.6,23278.7,22843.8,23001.9
2023-01-26T19:00:00-05:00,23001.9,23500,22516.6,23068
2023-01-27T19:00:00-05:00,23068.1,23185,22870.8,23015.9
2023-01-28T19:00:00-05:00,23016,23962.7,22961.5,23740.3
2023-01-29T19:00:00-05:00,23740.2,23804.6,22484.2,22819.9
2023-01-30T19:00:00-05:00,22819.9,23330,22715.3,23119.4
2023-01-31T19:00:00-05:00,23119.5,23852.4,22747,23730
2023-02-01T19:00:00-05:00,23730.1,24281.4,23365,23493.1
2023-02-02T19:00:00-05:00,23493,23719.9,23201,23424.7
2023-02-03T19:00:00-05:00,23424.7,23591.4,23250,23322.6
2023-02-04T19:00:00-05:00,23322.6,23436,22741,22929.2
2023-02-05T19:00:00-05:00,22929.3,23159.4,22600,22757.7
2023-02-06T19:00:00-05:00,22757.8,23368.6,22742.4,23234.1
2023-02-07T19:00:00-05:00,23234.1,23450,22662.9,22955.9
2023-02-08T19:00:00-05:00,22955.9,23007.8,21684.7,21793.4
2023-02-09T19:00:00-05:00,21793.3,21933.8,21405,21618.6
2023-02-10T19:00:00-05:00,21618.6,21891.9,21594.4,21851.3
2023-02-11T19:00:00-05:00,21851.2,22080.9,21618,21771.1
2023-02-12T19:00:00-05:00,21771,21888,21338,21766.2
2023-02-13T19:00:00-05:00,21766.1,22320,21485.2,22187.4
2023-02-14T19:00:00-05:00,22187.4,24420,22038.5,24332.6
2023-02-15T19:00:00-05:00,24332.7,25290,23518,23526.6
2023-02-16T19:00:00-05:00,23526.6,25043.2,23350,24581.5
2023-02-17T19:00:00-05:00,24581.3,24887.5,24430.6,24636.9
2023-02-18T19:00:00-05:00,24636.8,25200,24179.4,24265.9
2023-02-19T19:00:00-05:00,24265.9,25140,23827,24849.9
2023-02-20T19:00:00-05:00,24849.9,25347.6,24150,24443.4
2023-02-21T19:00:00-05:00,24443.3,24468.5,23572,24171.3
2023-02-22T19:00:00-05:00,24171.3,24588,23590,23928.8
2023-02-23T19:00:00-05:00,23928.7,24138.6,22800,23175.6
2023-02-24T19:00:00-05:00,23175.5,23210.5,22700,23146.2
2023-02-25T19:00:00-05:00,23146.2,23675,23050,23545.3
2023-02-26T19:00:00-05:00,23545.2,23888,23088,23480
2023-02-27T19:00:00-05:00,23480,23592.8,23010,23129.6
2023-02-28T19:00:00-05:00,23129.7,24022.7,23008.4,23619.8
2023-03-01T19:00:00-05:00,23619.8,23790.5,23183,23457.1
2023-03-02T19:00:00-05:00,23457.1,23468.5,21883.2,22342.8
2023-03-03T19:00:00-05:00,22342.8,22400,22147.5,22335.7
2023-03-04T19:00:00-05:00,22335.8,22650,22174.9,22419.4
2023-03-05T19:00:00-05:00,22419.3,22594.5,22240.1,22397.1
2023-03-06T19:00:00-05:00,22397.1,22550,21908,22187.1
2023-03-07T19:00:00-05:00,22187.1,22276.4,21540.5,21695.4
2023-03-08T19:00:00-05:00,21695.3,21823,20003.5,20348.3
2023-03-09T19:00:00-05:00,20348.4,20351.8,19521.6,20140.3
2023-03-10T19:00:00-05:00,20140.3,20674.5,19752.5,20447.3
2023-03-11T19:00:00-05:00,20447.3,22184,20262.2,21986.2
2023-03-12T20:00:00-04:00,21986.2,24517.2,21804,24119.5
2023-03-13T20:00:00-04:00,24119.5,26489.9,23951,24682.5
2023-03-14T20:00:00-04:00,24682.5,25200,23888,24288
2023-03-15T20:00:00-04:00,24287.9,25167.9,24120.5,24990.4
2023-03-16T20:00:00-04:00,24990.5,27763.4,24875.3,27384
2023-03-17T20:00:00-04:00,27383.9,27726.4,26555.5,26907
2023-03-18T20:00:00-04:00,26907,28397,26815.9,27955.7
2023-03-19T20:00:00-04:00,27955.8,28483.2,27120.6,27704.1
2023-03-20T20:00:00-04:00,27704.1,28460,27288,28091.1
2023-03-21T20:00:00-04:00,28091.1,28881,26590,27233.8
2023-03-22T20:00:00-04:00,27233.8,28777,27101,28284.1
2023-03-23T20:00:00-04:00,28284,28369.1,26960,27438.9
2023-03-24T20:00:00-04:00,27439,27788,27131.8,27447.3
2023-03-25T20:00:00-04:00,27447.2,28186.9,27400,27954.3
2023-03-26T20:00:00-04:00,27954.3,28019.4,26480,27112
2023-03-27T20:00:00-04:00,27112,27500,26610,27249.7
2023-03-28T20:00:00-04:00,27249.7,28649.9,27223.6,28338.5
2023-03-29T20:00:00-04:00,28338.6,29184.8,27654.1,28015
2023-03-30T20:00:00-04:00,28015,28675.3,27500,28454.9
2023-03-31T20:00:00-04:00,28454.8,28845.3,28180,28443.8
2023-04-01T20:00:00-04:00,28443.7,28516.5,27820,28161.2
2023-04-02T20:00:00-04:00,28161.3,28540,27166,27786.1
2023-04-03T20:00:00-04:00,27786.1,28450,27650.2,28155.2
2023-04-04T20:00:00-04:00,28155.1,28800,27775,28154
2023-04-05T20:00:00-04:00,28154,28175,27684.2,28022.8
2023-04-06T20:00:00-04:00,28022.9,28096,27755,27890.7
2023-04-07T20:00:00-04:00,27890.7,28153.6,27850.1,27924.9
2023-04-08T20:00:00-04:00,27924.9,28539.1,27762.8,28309.4
2023-04-09T20:00:00-04:00,28309.4,29840,28153.6,29623.1
2023-04-10T20:00:00-04:00,29623.1,30564,29573.9,30185.1
2023-04-11T20:00:00-04:00,30185.1,30480,29620,29875
2023-04-12T20:00:00-04:00,29874.9,30648.9,29836.7,30362.7
2023-04-13T20:00:00-04:00,30362.7,31059,29925,30453.1
2023-04-14T20:00:00-04:00,30453,30599.9,30186,30280.4
2023-04-15T20:00:00-04:00,30280.4,30560,30102,30286.6
2023-04-16T20:00:00-04:00,30286.6,30307.4,29219.9,29420
2023-04-17T20:00:00-04:00,29420.1,30480,29078.1,30365.8
2023-04-18T20:00:00-04:00,30365.8,30410,28557.3,28795.1
2023-04-19T20:00:00-04:00,28795,29078,27983,28229.9
2023-04-20T20:00:00-04:00,28229.9,28368.9,27100,27252.5
2023-04-21T20:00:00-04:00,27252.6,27888,27126,27807.2
2023-04-22T20:00:00-04:00,27807.2,27807.3,27279.7,27576
2023-04-23T20:00:00-04:00,27575.9,28000,26919.3,27497.5
2023-04-24T20:00:00-04:00,27497.4,28379.9,27176.6,28286.7
2023-04-25T20:00:00-04:00,28286.7,30048.2,27200,28395.9
2023-04-26T20:00:00-04:00,28396,29898,28365.3,29459
2023-04-27T20:00:00-04:00,29459,29591.1,28870,29300
2023-04-28T20:00:00-04:00,29300,29443.9,29000.4,29212.7
2023-04-29T20:00:00-04:00,29212.7,29950,29067.4,29223
2023-04-30T20:00:00-04:00,29223,29325.5,27650,28054.4
2023-05-01T20:00:00-04:00,28054.5,28888,27854,28656.5
2023-05-02T20:00:00-04:00,28656.4,29258.4,28080,29018.4
2023-05-03T20:00:00-04:00,29018.4,29380,28660,28826
2023-05-04T20:00:00-04:00,28826,29693,28618.3,29491.5
2023-05-05T20:00:00-04:00,29491.5,29840,28333,28837.8
2023-05-06T20:00:00-04:00,28837.9,29137,28370,28419.4
2023-05-07T20:00:00-04:00,28419.5,28624.6,27250,27659.8
2023-05-08T20:00:00-04:00,27659.8,27815.6,27316.8,27610.2
2023-05-09T20:00:00-04:00,27610.2,28297,26666.6,27582.9
2023-05-10T20:00:00-04:00,27583,27630,26688.8,26956.4
2023-05-11T20:00:00-04:00,26956.4,27090,25751,26785.1
2023-05-12T20:00:00-04:00,26785.2,27051.5,26674.9,26762.7
2023-05-13T20:00:00-04:00,26762.8,27200,26557,26901.9
2023-05-14T20:00:00-04:00,26901.9,27650,26694.4,27152.5
2023-05-15T20:00:00-04:00,27152.5,27284.7,26832,27024.8
2023-05-16T20:00:00-04:00,27024.7,27500,26527.5,27395.8
2023-05-17T20:00:00-04:00,27395.7,27482.7,26335.3,26809.3
2023-05-18T20:00:00-04:00,26809.4,27180,26611.2,26870.1
2023-05-19T20:00:00-04:00,26870.1,27144.4,26813.5,27089.5
2023-05-20T20:00:00-04:00,27089.6,27288,26642,26732.8
2023-05-21T20:00:00-04:00,26732.8,27097.8,26500,26840.2
2023-05-22T20:00:00-04:00,26840.2,27527.5,26782.6,27209.9
2023-05-23T20:00:00-04:00,27209.9,27212.9,26060,26313.8
2023-05-24T20:00:00-04:00,26313.9,26644,25850,26461.8
2023-05-25T20:00:00-04:00,26461.7,26925,26313.9,26689.9
2023-05-26T20:00:00-04:00,26689.8,26890,26528.6,26841.6
2023-05-27T20:00:00-04:00,26841.6,28252.8,26746,28055.7
2023-05-28T20:00:00-04:00,28055.8,28442,27513.5,27722
2023-05-29T20:00:00-04:00,27722.1,28038.6,27530,27680.1
2023-05-30T20:00:00-04:00,27680,27825,26826,27201.1
2023-05-31T20:00:00-04:00,27201.1,27347.9,26600,26805.3
2023-06-01T20:00:00-04:00,26805.3,27290,26477.6,27227.8
2023-06-02T20:00:00-04:00,27227.8,27340.2,26900,27054.9
2023-06-03T20:00:00-04:00,27054.9,27460,26935.3,27102.4
2023-06-04T20:00:00-04:00,27102.4,27125,25360.1,25714.7
2023-06-05T20:00:00-04:00,25714.6,27358.1,25321.6,27221.5
2023-06-06T20:00:00-04:00,27221.5,27394.4,26111,26325.9
2023-06-07T20:00:00-04:00,26325.9,26800,26195.4,26485.9
2023-06-08T20:00:00-04:00,26486,26775,26236,26468.1
2023-06-09T20:00:00-04:00,26468.2,26525,25300,25826.6
2023-06-10T20:00:00-04:00,25826.6,26199,25621.3,25909.9
2023-06-11T20:00:00-04:00,25910,26097.7,25600,25894.8
2023-06-12T20:00:00-04:00,25894.8,26430.5,25708,25918
2023-06-13T20:00:00-04:00,25918,26099.3,24796.8,25115.9
2023-06-14T20:00:00-04:00,25115.9,25750,24777,25586.1
2023-06-15T20:00:00-04:00,25586,26526.9,25142.1,26336
2023-06-16T20:00:00-04:00,26335.9,26900,26170.8,26508.9
2023-06-17T20:00:00-04:00,26508.8,26709.4,26230.9,26329.7
2023-06-18T20:00:00-04:00,26329.6,27077,26241.2,26828.5
2023-06-19T20:00:00-04:00,26828.6,28397.8,26633.9,28290.6
2023-06-20T20:00:00-04:00,28290.7,30822,28236.4,29988.5
2023-06-21T20:00:00-04:00,29988.5,30488,29500.1,29875
2023-06-22T20:00:00-04:00,29875,31500,29792,30673.4
2023-06-23T20:00:00-04:00,30673.5,30796.5,30222,30524.2
2023-06-24T20:00:00-04:00,30524.2,31053.2,30252.6,30458
2023-06-25T20:00:00-04:00,30458,30667.3,29890.1,30260.1
2023-06-26T20:00:00-04:00,30260.1,30488,30213,30362.3