Date,Spot_Price,Total OI,Market Cap,OI to Market Cap %,pct change,Futures Price,Funding Rate (Calculated),Funding Rate %
2021-03-24,55200.0,18795291679.0,1014119780625.0,1.853360129453002,,54645.0,-555.0,0.032147666666666665
2021-03-25,56311.5,18598406309.0,965894943165.625,1.9255102680262064,2.01358695652174,52195.0,-4116.5,0.010609333333333333
2021-03-26,51017.5,17441220282.0,1001607266975.0,1.7413232568364874,-9.401276826225546,53346.3,2328.800000000003,0.012000000000000002
2021-03-27,53257.0,16875311531.0,1042143976981.25,1.6192879202624435,4.389670211202046,,,0.01
2021-03-28,55020.0,17147269933.0,1040244974434.375,1.6483876735212004,3.3103629569821713,56200.0,1180.0,0.01
2021-03-29,56306.0,17559407287.0,1076958402781.25,1.630462907541531,2.3373318793166176,58210.0,1904.0,0.012723666666666666
2021-03-30,57831.0,18959413112.0,1096742447321.875,1.7287024094213561,2.7084147337761433,59705.0,1874.0,0.047595
2021-03-31,58668.5,20140015100.0,1112962019248.0903,1.8095869177644048,1.4481852293752429,59285.0,616.5,0.070019
2021-04-01,59309.0,19934872496.0,1100835035481.25,1.8108864501469204,1.0917272471598904,59615.0,306.0,0.08548533333333334
2021-04-02,59031.5,20099754875.0,1104686359237.5,1.8194987841502521,-0.4678885160768198,59615.0,583.5,0.09308300000000001
2021-04-03,59454.0,20786323306.0,1093494000862.5,1.900908764895341,0.7157195734480704,,,0.09080766666666668
2021-04-04,58923.0,20994598347.0,1083771142050.0,1.9371800495894187,-0.893127459884957,58855.0,-68.0,0.042368666666666666
2021-04-05,57865.0,20496438675.0,1100764718437.5,1.86201813445602,-1.7955637017802895,59840.0,1975.0,0.04003
2021-04-06,58997.0,20938751960.0,1082317391512.5,1.9346221472740857,1.9562775425559398,58735.0,-262.0,0.079567
2021-04-07,57910.0,20976298974.0,1049541432975.0,1.9986156158257788,-1.8424665660965789,56310.0,-1600.0,0.055006
2021-04-08,56402.0,20586183492.0,1078663248731.25,1.9084903018818868,-2.6040407528924225,58155.0,1753.0,0.03065066666666667
2021-04-09,57753.54,20022487431.0,1085215664125.0,1.8450238135056738,2.3962625438814333,58760.0,1006.4599999999991,0.022565666666666668
2021-04-10,58233.0,20149097730.0,1115505392709.375,1.806275241849009,0.8301828771015485,,,0.09374500000000001
2021-04-11,60323.0,21779032003.0,1118903250337.5,1.9464624842613236,3.5890302749300274,60525.0,202.0,0.09738666666666668
2021-04-12,60050.8,21696024500.0,1119732396750.0002,1.9376080001768508,-0.451237504766,60545.0,494.1999999999971,0.09816466666666666
2021-04-13,59881.0,22355597199.0,1177557126850.0,1.898472412867296,-0.2827605960286972,63685.0,3804.0,0.09888999999999999
2021-04-14,63648.2,24268181749.0,1168021767581.25,2.0777165650991907,6.291144102469892,62400.0,-1248.199999999997,0.101287
2021-04-15,63013.0,23805073031.0,1185967117396.875,2.0072287571725154,-0.9979858032120315,63840.0,827.0,0.08958033333333333
2021-04-16,63221.0,23591584478.0,1145924744146.8752,2.058737678761235,0.33009061622204516,61980.0,-1241.0,0.11506266666666666
2021-04-17,61489.0,22916412336.0,1139011148284.0051,2.011956807492629,-2.739596020309709,,,0.065495
2021-04-18,59998.0,22816327488.0,1037095455837.5,2.2000219323663717,-2.42482395225162,56390.0,-3608.0,0.05002399999999999
2021-04-19,56212.5,19629401934.0,1044878435078.125,1.8786302095068428,-6.309376979232639,56045.0,-167.5,0.01
2021-04-20,55675.0,18745214877.0,1046757206312.5,1.7907891881666955,-0.9561930175672639,56715.0,1040.0,0.01
2021-04-21,56456.75,18472028723.0,1050754362156.25,1.7579778289088996,1.404131118096097,55610.0,-846.75,0.01
2021-04-22,53943.3,18015630229.0,969583639893.75,1.8580790235873008,-4.451992011584083,52860.0,-1083.300000000003,0.01
2021-04-23,51778.0,17456997655.0,934855321096.875,1.8673475200972844,-4.01402954583795,50845.0,-933.0,0.02253933333333333
2021-04-24,51134.5,16834153206.0,954556428000.0,1.7635576810551843,-1.2428058248677099,,,0.018144
2021-04-25,50018.0,16620339154.0,923705354700.0,1.7993117685669295,-2.1834573526679613,49145.0,-873.0,0.023419333333333334
2021-04-26,49069.0,16605693032.0,1002499341803.8368,1.6564293201550355,-1.8973169658922817,54070.0,5001.0,0.01
2021-04-27,53972.0,16324528129.0,1033610396412.5,1.579369575389323,9.992052008396346,54790.0,818.0,0.01
2021-04-28,55049.5,16557048927.0,1018351223906.25,1.6258682209355553,1.9964055436151984,55410.0,360.5,0.01
2021-04-29,54812.0,16260647631.0,990445281762.5,1.6417512335526638,-0.4314298949127604,52900.0,-1912.0,0.01
2021-04-30,53558.84,16381683518.0,1066187095225.0,1.536473625629743,-2.286287674231924,56995.0,3436.1600000000035,0.01
2021-05-01,57771.0,17367791871.0,1081655740200.0,1.6056672400951402,7.864546730287669,,,0.017901666666666666
2021-05-02,57774.0,17488567230.0,1064062886459.375,1.6435651926731962,0.005192916861407326,56780.0,-994.0,0.03546233333333333
2021-05-03,56651.7,17533196174.0,1067334429843.75,1.642708759668395,-1.9425693218402817,57765.0,1113.300000000003,0.047936000000000006
2021-05-04,57118.0,17543943130.0,1020310026006.25,1.7194717961041122,0.8230997481099456,54515.0,-2603.0,0.04319033333333333
2021-05-05,53293.0,17133299808.0,1062847420659.375,1.612018759698429,-6.696663048426066,57295.0,4002.0,0.03296433333333333
2021-05-06,57444.0,17321607415.0,1052724322000.0,1.645407734295703,7.789015442928715,56180.0,-1264.0,0.07653633333333333
2021-05-07,56417.0,17332849423.0,1079534245893.75,1.6055858801079606,-1.78782814567231,57760.0,1343.0,0.03836733333333334
2021-05-08,57400.0,17241161590.0,1102783049500.0,1.5634227963348832,1.7423826151691912,,,0.05069166666666666
2021-05-09,58865.0,17759565672.0,1079845062187.5,1.6446401705096003,2.55226480836237,58330.0,-535.0,0.052217000000000006
2021-05-10,58288.0,17660249241.0,1037167684718.75,1.7027380915544965,-0.9802089526883551,55705.0,-2583.0,0.07414733333333334
2021-05-11,55830.0,17811817847.0,1064170914340.625,1.6737741660639587,-4.216991490529787,56805.0,975.0,0.03868533333333333
2021-05-12,56768.0,17863380702.0,965300862093.75,1.850550579977117,1.6801003044957907,54445.0,-2323.0,0.030051999999999995
2021-05-14,49706.5,16555709679.0,935291726100.0,1.7701118503458126,-12.439226324689967,50190.0,483.5,0.030109333333333335
2021-05-15,49941.0,16509530662.0,909356726250.0,1.8155175175403284,0.471769285707091,,,0.013425333333333333
2021-05-16,46808.0,16797038326.0,854220025768.75,1.9663596988239196,-6.273402615085799,46455.0,-353.0,0.031042
2021-05-17,46410.0,16548691166.0,825973336375.0,2.0035381818289992,-0.8502820030763969,44060.0,-2350.0,0.044427666666666664
2021-05-18,43548.0,15698511941.0,801592491262.5,1.958415543074138,-6.16677440206852,43150.0,-398.0,0.030391666666666668
2021-05-19,43049.3,15617653121.0,729763005609.375,2.1400993200468923,-1.1451731422797762,39340.0,-3709.300000000003,-0.014627999999999997
2021-05-20,37404.5,11327613235.0,762616959809.375,1.485360781621152,-13.112408331842795,40320.0,2915.5,0.01
2021-05-21,41409.5,11537357110.0,695610967300.0,1.6585933305195029,10.707267842104562,36085.0,-5324.5,0.005515
2021-05-22,36875.0,11046535256.0,713906441600.0,1.547336543321085,-10.950385781040584,,,-0.0014826666666666658
2021-05-23,38125.5,10722411202.0,639660483934.375,1.6762659991202535,3.3911864406779735,34792.5,-3333.0,-0.0004580000000000001
2021-05-24,33334.5,10041763313.0,705117478484.375,1.4241262795788887,-12.566392571900698,39750.0,6415.5,-0.00545
2021-05-25,37657.0,10400660653.0,707552448750.0,1.4699490718143033,12.967046153384644,37330.0,-327.0,0.01
2021-05-26,38319.6,10400444648.0,724559236025.0,1.4354167514388216,1.7595666144408773,38545.0,225.40000000000146,0.01
2021-05-27,38819.5,10641066339.0,733394719640.625,1.4509330451975835,1.3045543272894422,38845.0,25.5,0.01
2021-05-28,39708.0,10466240922.0,669664837187.4999,1.5629073442106907,2.288798155566152,36841.4,-2866.5999999999985,0.01
2021-05-29,37280.5,10230880846.0,645440063775.0,1.585101610544969,-6.113377656895336,,,0.010125
2021-05-30,34296.5,10055259647.0,677691093100.0,1.4837526639170757,-8.004184493233723,35635.0,1338.5,0.01
2021-05-31,37280.5,10113070313.0,688473943609.375,1.4689111195670659,8.700596270756499,37425.0,144.5,0.01
2021-06-01,36927.5,10341589522.0,678414612562.5,1.5243759981728378,-0.9468757125038585,35990.0,-937.5,0.01
2021-06-02,36216.0,10172413400.0,701387475337.5,1.4503272096646929,-1.926748358269581,38040.0,1824.0,0.01
2021-06-03,38017.0,10724214681.0,722286533993.75,1.484759050082581,4.972940136956039,38715.0,698.0,0.01
2021-06-04,38575.9,10699641248.0,694226859050.0,1.541231242859387,1.470131783149653,36955.0,-1620.9000000000015,0.013522000000000001
2021-06-05,36973.0,10455455272.0,661874373400.0,1.5796736801110904,-4.15518497300128,,,0.01
2021-06-06,36298.0,10318233411.0,671875797465.625,1.5357352430198097,-1.8256565601925678,36005.0,-293.0,0.01
2021-06-07,36176.0,10486798596.0,636941983421.875,1.6464291676396101,-0.33610667254394544,35645.0,-531.0,0.01
2021-06-08,36023.0,10616596691.0,607319193778.125,1.7481082106024488,-0.42293233082706383,32910.0,-3113.0,0.007005
2021-06-09,31731.5,10166719666.0,680994737640.6251,1.4929219132035623,-11.91322210809761,36375.0,4643.5,-0.0034129999999999994
2021-06-10,36399.5,10969685829.0,677372245793.75,1.6194471942300557,14.710933930006465,36690.0,290.5,-0.0002553333333333331
2021-06-11,36876.0,10693909942.0,696465216121.875,1.5354549939402378,1.309083915987852,37325.0,449.0,0.005796
2021-06-12,36837.0,10927302693.0,664467269062.5,1.6445208367324673,-0.10575984380084558,,,0.0004686666666666669
2021-06-13,35382.5,10445108372.0,703286777165.625,1.4851848081227557,-3.948475717349409,38985.0,3602.5,0.001977666666666666
2021-06-14,40000.0,10881672941.0,751998309618.75,1.4470342289089477,13.050236698933082,39710.0,-290.0,0.005618666666666667
2021-06-15,40704.0,11960843415.0,755341381096.875,1.5835016741213048,1.760000000000006,39995.0,-709.0,0.009334
2021-06-16,40071.5,11778280628.0,724226282962.5001,1.6263260399526083,-1.553901336477992,38565.0,-1506.5,0.01
2021-06-17,38746.0,11597852543.0,708595136844.5831,1.6367389415973044,-3.3078372409318324,37665.0,-1081.0,0.01
2021-06-18,39016.0,11801011250.0,661457798125.0,1.7840913333324835,0.69684612605172,35285.0,-3731.0,0.005229
2021-06-19,36380.5,11339724270.0,668223156375.0,1.6969966038764845,-6.754921058027474,,,-0.0023903333333333333
2021-06-20,36120.0,11290317740.0,645487356846.8749,1.749115241412596,-0.7160429350888564,35592.5,-527.5,0.0005210000000000006
2021-06-21,35610.5,11072611639.0,606558996056.25,1.8254797490421142,-1.4105758582502737,32560.0,-3050.5,-0.0038236666666666666
2021-06-22,31611.5,10292196753.0,571963684250.0,1.7994493420497264,-11.229833897305575,32480.0,868.5,-0.004953000000000002
2021-06-23,32405.0,10223468213.0,630643693437.5,1.6211163798807096,2.510162440883845,32900.0,495.0,-0.011173666666666667
2021-06-24,33658.5,10237195589.0,653626814062.5,1.566214140661175,3.868230211387136,34805.0,1146.5,-0.005549333333333332
2021-06-25,34615.0,10302635204.0,604310698687.5,1.7048573236211526,2.8417784512084543,33079.4,-1535.5999999999985,0.007457333333333333
2021-06-26,31596.0,9448322937.0,586567074843.75,1.6107830361117437,-8.72165246280514,,,-0.011507000000000002
2021-06-27,32256.0,9645260609.0,617401518250.0,1.562234676121158,2.0888720091150725,34725.0,2469.0,-0.034195
2021-06-28,34725.5,10091147889.0,646558554225.0,1.560747719299112,7.655939980158721,34525.0,-200.5,0.0034660000000000003
2021-06-29,34487.0,9916557328.0,681555928500.0,1.4549880520920448,-0.6868151646484577,36430.0,1943.0,0.007409666666666668
2021-06-30,35858.2,10548089706.0,640392481118.75,1.6471289118780323,3.9759909531127624,34725.0,-1133.199999999997,0.01
2021-07-01,35052.5,9994076296.0,627374224812.5,1.59300078019413,-2.2469058681138354,33030.0,-2022.5,0.01
2021-07-02,33517.5,9880660619.0,632244880575.0,1.5627901344197452,-4.37914556736324,33285.0,-232.5,0.0020390000000000004
2021-07-03,33780.0,10063011631.0,645844485000.0,1.558116832258775,0.7831729693443812,,,-0.004961999999999999
2021-07-04,34649.5,10215005706.0,662096097609.375,1.5428282605626642,2.5740082889283533,35335.0,685.5,-0.0025356666666666665
2021-07-05,35300.0,10371514975.0,636916546393.7501,1.6283946513438816,1.8773719678494727,33805.0,-1495.0,0.003186666666666667
2021-07-06,33710.5,10050645207.0,639891254700.0,1.5706801949828242,-4.502832861189798,33975.0,264.5,-0.006678
2021-07-07,34227.0,10075216601.0,650506976706.25,1.5488252950052024,1.5321635692143287,34700.0,473.0,0.0022126666666666666
2021-07-08,33836.0,10061965226.0,610731062374.9999,1.6475279948708048,-1.1423729803955895,32960.0,-876.0,-0.011033666666666666
2021-07-09,32865.5,10129727099.0,626955830737.5,1.6157002778145009,-2.8682468376876713,33455.0,589.5,-0.015698
2021-07-10,33779.0,10112998367.0,625370669625.0,1.617120670699859,2.7795104288691697,,,0.0026126666666666663
2021-07-11,33490.5,10062758149.0,636044503899.9999,1.5820839716873154,-0.8540809378608016,34317.5,827.0,0.004804
2021-07-12,33506.75,10269104485.0,615621796562.5,1.6680865658656785,0.04852122243621526,32760.0,-746.75,0.007438
2021-07-13,33080.0,10170107430.0,612717726956.25,1.6598356767840305,-1.2736239712893616,32215.0,-865.0,0.006684
2021-07-14,32710.5,10193810804.0,618096853856.25,1.6492254798583332,-1.1169891172914115,32740.0,29.5,-0.00014533333333333295
2021-07-15,32793.0,10119567971.0,595652203475.0001,1.698905487457787,0.2522125922868712,31410.0,-1383.0,0.002231
2021-07-16,31858.5,10447524181.0,596074112965.6251,1.752722346726454,-2.84969353215625,31925.0,66.5,-0.0014503333333333332
2021-07-17,31409.5,10214919248.0,593997917756.2499,1.7196894033880679,-1.409357000486522,,,0.0026739999999999997
2021-07-18,31490.0,10367572876.0,589242612618.75,1.7594743920375624,0.2562918862127672,31740.0,250.0,0.005188666666666667
2021-07-19,31785.0,10398298432.0,576377746150.0,1.804077013982057,0.9368053350270023,30690.0,-1095.0,-0.0018523333333333332
2021-07-20,30800.0,10816897114.0,556486593437.5,1.943783954826733,-3.098946043731321,29715.0,-1085.0,-0.015731666666666668
2021-07-21,29773.5,10534960050.0,602950553471.8749,1.7472344936642323,-3.3327922077922123,31620.0,1846.5,-0.031440666666666665
2021-07-22,32116.5,10635800883.0,605374462962.4999,1.7568961913180072,7.869414076275882,32415.0,298.5,-0.004508333333333332
2021-07-23,32307.0,10622744746.0,609298379587.5,1.7434388637619036,0.5931530521694484,32270.0,-37.0,-0.005877
2021-07-24,33648.0,11130096637.0,636612961115.625,1.7483301969685303,4.150803231497813,,,-0.010409333333333333
2021-07-25,34243.0,11415946896.0,646121426934.375,1.76684233336213,1.7683071802187422,,,-0.017530333333333332
2021-07-26,35408.5,11903343347.0,693226378125.0,1.7170932501436975,3.4036153374412237,39480.0,4071.5,-0.011613666666666666
2021-07-27,37225.5,10884690656.0,714539456443.9054,1.5233155507143779,5.131536213056198,37890.0,664.5,0.0059173333333333335
2021-07-28,39513.0,11377308525.0,752294201290.625,1.5123482947869669,6.144981262844018,40370.0,857.0,0.005987666666666666
2021-07-29,39986.0,11477422516.0,743310562500.0,1.5440951730051595,1.197074380583607,39675.0,-311.0,0.006589666666666667
2021-07-30,39984.0,11453771178.0,733843146581.25,1.5607928249190042,-0.005001750612709799,39020.9,-963.0999999999985,0.005874333333333333
2021-07-31,42157.1,11726779979.0,785277153487.4996,1.4933300844065205,5.434923969587824,,,0.01
2021-08-01,41389.0,11547385874.0,771925432162.5,1.4959198638721791,-1.821994397147808,39960.0,-1429.0,0.01
2021-08-02,39855.7,11155819925.0,742114483200.0,1.5032478381092995,-3.7046075044093962,39180.0,-675.6999999999971,0.01
2021-08-03,39147.0,11184283675.0,723582256271.875,1.54568241247719,-1.7781647292608005,37965.0,-1182.0,0.01
2021-08-04,38199.0,11127824739.0,744515369350.0,1.4946400298915468,-2.4216415050961726,39840.0,1641.0,0.007090666666666666
2021-08-05,39742.0,11185196810.0,770353505746.875,1.4519563715304573,4.039372758449167,40755.0,1013.0,0.01
2021-08-06,40875.0,11188615398.0,805100298274.9999,1.3897169609764919,2.850888229077553,42970.0,2095.0,0.01
2021-08-07,42790.0,11885392873.0,834756775671.875,1.4238150823554254,4.685015290519878,,,0.01
2021-08-08,44621.52,12237721404.0,822865416750.0001,1.487208133297698,4.280252395419493,43917.5,-704.0199999999968,0.01
2021-08-09,43770.0,11959279033.0,862739232300.0,1.3861985853033985,-1.908316883871275,46045.0,2275.0,0.01
2021-08-10,46302.5,12721961152.0,856543178400.0,1.4852679319406041,5.7859264336303395,45495.0,-807.5,0.01
2021-08-11,45549.0,12754036990.0,870036087000.0,1.4659204578487788,-1.6273419361805486,46455.0,906.0,0.01
2021-08-12,45568.1,12828387474.0,833234777090.625,1.5395885801589326,0.041932863509619445,44360.0,-1208.0999999999985,0.01
2021-08-13,44385.08,12956955312.0,894161664946.875,1.4490618218093496,-2.596158277391414,46505.0,2119.9199999999983,0.01
2021-08-14,47828.0,13609729416.0,880894018034.375,1.5449905592921065,7.756930932646733,,,0.01
2021-08-15,47074.0,13422158511.0,883499787787.5,1.5192033655845436,-1.5764823952496454,47020.0,-54.0,0.01
2021-08-16,47001.0,13239755759.0,865693921343.75,1.529380700565501,-0.15507498831627275,46095.0,-906.0,0.011308
2021-08-17,45902.0,13470443742.0,841633034287.5,1.600512716733327,-2.338248122380371,45520.0,-382.0,0.01
2021-08-18,44718.0,13283353524.0,842826427603.125,1.5760485301553622,-2.5794083046490335,44855.0,137.0,0.01
2021-08-19,44723.0,12971709072.0,876309112262.5,1.4802663683947064,0.011181179838093414,46700.0,1977.0,0.01
2021-08-20,46788.0,13395144455.0,914801253500.0,1.4642682663311415,4.617311003286906,48730.0,1942.0,0.011920333333333333
2021-08-21,49320.0,14274150564.0,920930126025.0,1.549971073876294,5.411644011284955,,,0.015569
2021-08-22,48893.0,14132572281.0,917986652275.0,1.5395182757805856,-0.8657745336577483,49327.5,434.5,0.011604333333333333
2021-08-23,49288.5,14165274669.0,931664741750.0,1.520426182748157,0.8089092508130058,49280.0,-8.5,0.02438766666666667
2021-08-24,49628.0,14653112886.0,899451015225.0,1.6291173880474732,0.6888016474431158,48210.0,-1418.0,0.026882666666666666
2021-08-25,47717.0,14738306346.0,915566483893.75,1.6097472554172654,-3.8506488272749273,48705.0,988.0,0.013189333333333332
2021-08-26,49024.0,14725315592.0,881007304878.125,1.6714181040799703,2.7390657417691866,46940.0,-2084.0,0.013955
2021-08-27,46849.0,14380768046.0,908845511062.5,1.5823116108245876,-4.436602480417751,47952.0,1103.0,0.01
2021-08-28,49090.0,14357100894.0,914607281125.0,1.5697558056109335,4.783453222053824,,,0.021792333333333334
2021-08-29,48903.0,14464219969.0,917480314490.625,1.5765155655716032,-0.38093298024037825,48877.5,-25.5,0.01
2021-08-30,48796.0,14350316595.0,883809162300.0,1.6236895030206682,-0.21880048258797746,48765.0,-31.0,0.014183333333333334
2021-08-31,46977.5,14327553525.0,887383472675.0,1.6145842204847327,-3.7267398967128496,47390.0,412.5,0.029103666666666667
2021-09-01,47197.0,14444075634.0,914022689481.25,1.5802753914345036,0.46724495769250307,48320.0,1123.0,0.03528033333333334
2021-09-03,49325.5,15121220957.0,943051945468.75,1.6034345753333767,4.509820539441067,50710.0,1384.5,0.035202000000000004
2021-09-04,50059.0,15102362730.0,944463999375.0,1.5990405923353355,1.4870604454085612,,,0.024982
2021-09-05,49924.5,14732977101.0,948450930143.75,1.5533726240077625,-0.2686829541141411,51975.0,2050.5,0.01
2021-09-06,51838.0,15969851862.0,988875492462.5,1.6149507176309768,3.832787509138802,52857.5,1019.5,0.015594333333333333
2021-09-07,52699.0,16334309914.0,879745873034.711,1.856707762396689,1.6609437092480528,46780.0,-5919.0,0.014325666666666667
2021-09-08,46767.0,12611781616.0,870431581962.5,1.4489113076027316,-11.25638057648153,46520.0,-247.0,0.01
2021-09-09,46059.5,12392565384.0,874052599200.0,1.4178283315377846,-1.5128188680052168,46645.0,585.5,0.01
2021-09-10,46398.0,12306854167.0,841943087906.25,1.4617204350005144,0.7349189635145859,45675.0,-723.0,0.010371666666666666
2021-09-11,44840.0,12356818799.0,854497002012.5,1.4460927036487412,-3.357903357903358,,,0.01
2021-09-12,45184.0,12224008036.0,863233355000.0,1.4160722549929734,0.7671721677074084,46110.0,926.0,0.01
2021-09-13,46074.0,12302246160.0,847065772306.25,1.4523365908771744,1.9697237960339953,44815.0,-1259.0,0.01
2021-09-14,44973.0,12209059954.0,883568771700.0,1.381789436775768,-2.3896340669357974,46515.0,1542.0,0.01
2021-09-15,47109.0,12406070199.0,903585737250.0,1.3729820743692798,4.7495163764925685,48190.0,1081.0,0.01
2021-09-16,48105.0,13077311976.0,893852533875.0,1.4630279022992383,2.1142456855377967,47495.0,-610.0,0.01
2021-09-17,47765.0,12773775452.0,889661679018.75,1.4358014684962943,-0.7067872362540251,47490.0,-275.0,0.01
2021-09-18,47299.0,12925759824.0,903354709846.875,1.430862061503062,-0.9756097560975618,,,0.01
2021-09-19,48308.5,13286086915.0,893987019665.625,1.4861610541022565,2.134294593966035,47217.5,-1091.0,0.01
2021-09-20,47254.0,13153354393.0,821856758075.0,1.6004436617164943,-2.182845668981648,43780.0,-3474.0,0.01
2021-09-21,43006.0,12342297051.0,789640209000.0,1.5630279347894758,-8.989715156388877,42030.0,-976.0,0.01
2021-09-22,40589.0,11541276432.0,813923545750.0,1.4179804101090536,-5.620146026135886,43385.0,2796.0,0.01
2021-09-23,43532.5,11953122093.0,841071399500.0,1.4211780474411435,7.251964818054146,44785.0,1252.5,0.007526333333333334
2021-09-24,44839.0,11961641428.0,807777211331.25,1.4808094682798396,3.001205995520584,42359.4,-2479.5999999999985,-0.004138
2021-09-25,42807.0,11283868990.0,803400272193.75,1.4045139615385585,-4.53176921876045,,,0.008543
2021-09-26,42669.8,11391544846.0,814220682499.9998,1.399073382786491,-0.32050832807717367,43470.0,800.1999999999971,0.003590333333333334
2021-09-27,43209.0,11490388256.0,805348872000.0,1.4267590923005602,1.2636572001743618,43150.0,-59.0,0.01
2021-09-28,42145.6,11251593357.0,771153925190.625,1.459059338149471,-2.461061352958882,41600.0,-545.5999999999985,0.005207666666666666
2021-09-29,41012.0,11222609783.0,771164532168.75,1.455280853158352,-2.6897232451311592,41155.0,143.0,0.004622
2021-09-30,41684.5,11198987509.0,821146072987.9961,1.3638240353813045,1.6397639715205248,43615.0,1930.5,0.009745
2021-10-01,43814.0,11436555907.0,900020451037.5,1.2706995595285075,5.108613513416249,48390.0,4576.0,0.0031696666666666666
2021-10-02,48137.8,12549641027.0,904656283725.0,1.38722753080604,9.8685351714064,,,0.004911333333333333
2021-10-03,47657.0,12703854020.0,916519842887.5,1.3860969970902592,-0.9987992803991985,48587.5,930.5,0.01
2021-10-04,48186.2,12848337035.0,919196269493.75,1.3977795016592331,1.110434983318287,49855.0,1668.800000000003,0.01
2021-10-05,49215.5,13153056384.0,969777660156.25,1.3562960794416308,2.136088755701837,51630.0,2414.5,0.002578
2021-10-06,51530.0,14040387142.0,1028864851678.1248,1.364648342209329,4.702786723694774,55700.0,4170.0,0.01
2021-10-07,55330.5,14598797022.0,1017866692139.5016,1.4342543217829542,7.375315350281397,54470.0,-860.5,0.023949666666666664
2021-10-08,53790.5,14894384737.0,1023431631406.25,1.4553375408706408,-2.7832750472162715,55180.0,1389.5,0.023383666666666667
2021-10-09,53958.0,14919671097.0,1031635618750.0,1.4462151970942696,0.31139327576430453,,,0.011905666666666667
2021-10-10,54965.0,15282354893.0,1044695391009.375,1.4628527152047959,1.8662663553133951,55137.5,172.5,0.013635333333333334
2021-10-11,54680.0,15590233204.0,1073809741877.2502,1.4518617773708145,-0.5185117802237738,57990.0,3310.0,0.01
2021-10-12,57518.0,16504767449.0,1060402310925.0,1.5564627952010703,5.190197512801764,55815.0,-1703.0,0.01
2021-10-13,55995.5,16061577613.0,1081834594325.0,1.4846611207715597,-2.64699746166418,57750.0,1754.5,0.01
2021-10-14,57395.45,16403488165.0,1073257338956.25,1.5283835078130006,2.5001116161120107,58195.0,799.5500000000029,0.016693
2021-10-15,57780.0,16562686242.0,1170129390237.5,1.4154576733294673,0.6700008450147177,62075.0,4295.0,0.018895000000000002
2021-10-16,61784.0,17958816630.0,1146486441684.375,1.5664220680722205,6.9297334717895565,,,0.039754333333333336
2021-10-17,60900.0,18214990195.0,1151718656309.3752,1.58154859220298,-1.4307911433380838,61890.0,990.0,0.038554000000000005
2021-10-18,57780.0,18473826955.0,1163930836218.75,1.58719284515356,-5.123152709359601,61650.0,3870.0,0.023547333333333333
2021-10-19,62047.5,18528231812.0,1214979950250.0002,1.5249825158174455,7.385773624091385,64660.0,2612.5,0.011658000000000002
2021-10-20,57780.0,19648599574.0,1256966404062.5,1.5631761923386311,-6.877795237519646,66665.0,8885.0,0.02774566666666667
2021-10-21,66061.5,21026812241.0,1182778570824.9998,1.7777471421665672,14.332814122533755,62910.0,-3151.5,0.06274466666666667
2021-10-22,62225.0,21100990967.0,1145043082071.875,1.8428119690325746,-5.8074672842729935,61080.0,-1145.0,0.030406000000000002
2021-10-23,64683.86,21005616402.0,1150231185256.25,1.8262082154658623,3.9515628766572997,,,0.019475666666666665
2021-10-24,61435.5,20938467315.0,1147373751037.5,1.8249038115144802,-5.021901908760551,61630.0,194.5,0.03347833333333333
2021-10-25,59991.0,21020834821.0,1188214896834.3752,1.7691105268081895,-2.3512464291818302,62725.0,2734.0,0.028888666666666663
2021-10-26,63622.0,21848429972.0,1139521944093.75,1.917332973291342,6.052574552849599,61975.0,-1647.0,0.052541666666666674
2021-10-27,62588.0,21756251248.0,1108531020553.1248,1.9626199758617728,-1.625223979126722,59065.0,-3523.0,0.028833666666666664
2021-10-28,58834.0,20102948680.0,1145643937875.0002,1.7547291977372996,-5.997954879529621,61335.0,2501.0,0.013118666666666667
2021-10-29,60615.0,19520052195.0,1176700955118.75,1.6588796082884185,3.027161165312564,61149.3,534.3000000000029,0.02187
2021-10-30,62247.8,19958787669.0,1162356577153.1248,1.7170968067203272,2.693722675905308,,,0.026212000000000003
2021-10-31,61834.5,19756055380.0,1148932809256.25,1.7195135538682094,-0.6639592081969181,61682.5,-152.0,0.03729233333333334
2021-11-01,61305.0,20299701624.0,1146585100100.2058,1.770448754499418,-0.8563180748611177,61149.3,-155.6999999999971,0.04026766666666667
2021-11-03,63225.0,21120600078.0,1187745353853.125,1.7782094461143012,3.131881575727924,63065.0,-160.0,0.052478
2021-11-04,62936.0,20422767612.0,1156371482615.625,1.7661078571226299,-0.45709766706207855,61360.0,-1576.0,0.04770166666666667
2021-11-05,61456.8,20142619941.0,1155683404662.5,1.7429185068969948,-2.350324138807669,61380.0,-76.80000000000291,0.02603566666666667
2021-11-06,60982.0,20054864643.0,1155711389459.3755,1.7352831187708002,-0.7725752073000969,,,0.04538933333333334
2021-11-07,61476.8,20127490266.0,1176605997000.0002,1.7106397823331845,0.8113869666459106,63765.0,2288.199999999997,0.03031966666666666
2021-11-09,67597.5,22624177649.0,1270816377145.1023,1.7802869128760657,9.956113525752809,67625.0,27.5,0.048590999999999995
2021-11-10,66944.5,22622811550.0,1261425239375.0,1.7934326065339357,-0.9660120566589048,66075.0,-869.5,0.05447533333333333
2021-11-11,64890.0,22480718856.0,1228813770362.4998,1.8294650823589154,-3.068960108746799,65055.0,165.0,0.018341
2021-11-12,64802.7,20888705353.0,1210384892362.5,1.7257903237893364,-0.13453536754508555,64235.0,-567.6999999999971,0.030139333333333334
2021-11-13,64138.5,20700369795.0,1214411435756.25,1.7045598538941018,-1.0249572934461049,,,0.023005333333333332
2021-11-14,64450.0,20680378999.0,1208793916000.0,1.710827521984318,0.48566773466793833,65675.0,1225.0,0.012340333333333333
2021-11-15,65542.5,21134476009.0,1206006253355.2808,1.7524350267837239,1.6951124903025638,63910.0,-1632.5,0.02595333333333333
2021-11-16,63629.5,21427491444.0,1134293828446.875,1.8890600395260426,-2.9187168631040983,59730.0,-3899.5,0.018666
2021-11-17,60080.5,19932485343.0,1134498874950.0,1.756941834241878,-5.577601584170866,60485.0,404.5,0.011051666666666668
2021-11-18,60367.0,19902373526.0,1081657113750.0,1.8399891493340628,0.476860212548158,58015.0,-2352.0,0.010411666666666666
2021-11-19,56939.853,19491352051.0,1094490168356.25,1.7808613192270981,-5.677186211009322,57900.0,960.1469999999972,0.01
2021-11-20,58053.0,19469207012.0,1125264787353.125,1.730188950264403,1.954952359992923,,,0.01
2021-11-21,59676.9,19676038275.0,1120533321293.75,1.7559529824853721,2.7972714588393455,59435.0,-241.90000000000146,0.01
2021-11-22,58629.5,19387559533.0,1060019808028.125,1.8289808724485268,-1.7551179769726644,55815.0,-2814.5,0.01
2021-11-23,56331.0,19256820384.0,1080024314453.6962,1.782998783109859,-3.920381377975246,57855.0,1524.0,0.010965666666666667
2021-11-25,56774.0,19380374385.0,1109613496612.4998,1.746587838392888,0.7864231062825189,59442.5,2668.5,0.014404
2021-11-26,59141.0,20277372735.0,1023871790711.2388,1.9804601434437605,4.169161940324795,54465.6,-4675.4000000000015,0.019201333333333334
2021-11-27,54329.0,19528304991.0,1037967323512.5,1.8813988213921673,-8.13648737762297,,,0.010274666666666666
2021-11-28,54964.0,19246785112.0,1022699812512.7386,1.8819584081775964,1.1688048740083667,57770.0,2806.0,0.01
2021-11-29,54308.5,19124708685.0,1097001646209.375,1.7433618947687373,-1.1925987919365388,54465.6,157.09999999999854,0.013591333333333335
2021-11-30,57132.95,19624009291.0,1082888272921.875,1.81219150504327,5.200751263614345,57780.0,647.0500000000029,0.015936666666666665
2021-12-01,57590.5,19755713706.0,1078869059150.0,1.8311502715227348,0.8008513476023937,56990.0,-600.5,0.017278333333333333
2021-12-02,58657.0,19685852378.0,1074828081412.5,1.831534988565759,1.8518679296064544,57175.0,-1482.0,0.011983666666666665
2021-12-03,56466.0,19025282579.0,1012461333468.75,1.8791120164380304,-3.7352745622858285,53545.0,-2921.0,0.016294666666666666
2021-12-04,55991.1,19378612140.0,931814605625.0,2.0796639184467494,-0.8410370842630965,,,0.006392666666666667
2021-12-05,48213.5,13672947553.0,931036980412.5,1.468571908598318,-13.890779070245085,49360.0,1146.5,0.009091
2021-12-06,47954.5,13242377173.0,933024070781.25,1.4192964134260488,-0.5371939394567926,48960.0,1005.5,0.01
2021-12-07,48969.0,13232360962.0,965857501553.3264,1.3700117191945236,2.115547028954534,50600.0,1631.0,0.007992333333333332
2021-12-08,51702.0,13843375557.0,950444609540.625,1.4565157630480823,5.581081908962804,50925.0,-777.0,0.01
2021-12-09,50619.0,13466381472.0,905713922918.793,1.4868250483113536,-2.0946965301148923,47675.0,-2944.0,0.01
2021-12-10,48458.0,13408832139.0,912651140375.0,1.4692177049699882,-4.269147948398821,48490.0,32.0,0.01
2021-12-11,47925.5,13277439016.0,915234917165.625,1.4507137748982162,-1.0988897602047132,,,0.01
2021-12-12,48725.0,13379972017.0,955448108093.75,1.400387096238526,1.668214207467833,50130.0,1405.0,0.01
2021-12-13,49619.0,13938604165.0,919173426600.0,1.5164281039497145,1.834787070292454,46595.0,-3024.0,0.01
2021-12-14,47251.5,13605374854.0,883753712467.3124,1.5394984668314167,-4.771357746024707,47870.0,618.5,0.006115
2021-12-15,46836.0,13458038119.0,914717794485.5624,1.4712776115357857,-0.8793371638995628,49350.0,2514.0,0.01
2021-12-16,46620.0,13506880056.0,924050534936.3752,1.461703613096226,-0.4611837048424272,48010.0,1390.0,0.01
2021-12-17,47637.0,13958406477.0,900910782059.75,1.549366125365592,2.1814671814671893,46250.0,-1387.0,0.008225999999999999
2021-12-18,46188.88,13997925685.0,872882502444.0,1.6036437488215134,-3.0399059554548025,,,0.008914
2021-12-19,46806.0,13999757757.0,885974962328.3125,1.5801527528734114,1.3360791601788158,46590.0,-216.0,0.009026666666666667
2021-12-20,46679.5,14113337280.0,882714822880.0,1.5988558155116228,-0.27026449600479063,47060.0,380.5,0.01
2021-12-21,46904.5,14556546137.0,886943021384.0625,1.641204202078811,0.48201030430916614,48685.0,1780.5,0.009728
2021-12-22,48886.5,15701947770.0,925261272222.3124,1.6970285303616701,4.225607351107041,49045.0,158.5,0.01
2021-12-23,48602.0,15575613409.0,919516509421.875,1.693891653864139,-0.5819602548760905,51060.0,2458.0,0.007912666666666667
2021-12-24,50789.5,16141639627.0,960360254595.0624,1.680790052458611,4.500843586683678,50895.0,105.5,0.01
2021-12-25,50826.0,16116308623.0,960961587306.5,1.6771022729610607,0.07186524773821201,,,0.01
2021-12-26,50390.5,16190323883.0,954498216489.5624,1.6962131100196816,-0.8568449218903762,50885.0,494.5,0.01
2021-12-27,50788.5,16149614003.0,960784883069.25,1.6808771960909372,0.7898314166360665,51275.0,486.5,0.01
2021-12-28,50687.5,16305100460.0,958773885280.0,1.7006200012673753,-0.19886391604398979,47755.0,-2932.5,0.01
2021-12-29,47510.0,15564136510.0,900355817317.25,1.7286650689252792,-6.268803945745994,47370.0,-140.0,0.01
2021-12-30,46459.02,15059015640.0,877837988766.4375,1.7154663881841512,-2.212123763418239,47170.0,710.9800000000032,0.01
2021-12-31,47094.0,14781036621.0,891574141304.0,1.6578583806144855,1.3667528931949224,47977.0,883.0,0.005632666666666667
2022-01-01,46155.132,14567057084.0,874908996774.75,1.664979687910372,-1.9936042808001098,,,0.01
2022-01-02,47736.198,14646949596.0,903598319251.6876,1.6209580389801777,3.4255475642448685,,,0.01
2022-01-03,47332.0,14630596566.0,895399226321.0625,1.6339746714002543,-0.846732703764963,47977.0,645.0,0.01
2022-01-04,46459.3,15022924553.0,878682160537.5625,1.7097108861080366,-1.8437843319530023,46305.0,-154.3000000000029,0.01
2022-01-05,45863.5,14964043891.0,867766565133.0,1.7244319488970523,-1.2824127784964556,43830.0,-2033.5,0.01
2022-01-06,43462.782,13925671632.0,821892421838.4375,1.6943423813119696,-5.234484939003781,43215.0,-247.78199999999924,0.01
2022-01-07,43095.5,14078213589.0,815963326867.9375,1.725348814760953,-0.8450494494346872,41870.0,-1225.5,0.01
2022-01-08,41500.0,13438799116.0,785865208749.0,1.7100641390389202,-3.702242693552693,,,0.01
2022-01-09,41675.5,13453654019.0,788978180806.8125,1.7051997566323362,0.4228915662650712,41810.0,134.5,0.01
2022-01-10,41861.11,13499967840.0,792304935914.5,1.7038853638363325,0.44536958164869134,41745.0,-116.11000000000058,0.008174
2022-01-11,41803.5,13511806370.0,792049344262.5,1.705929872662319,-0.1376217687490855,42805.0,1001.5,0.009131333333333333
2022-01-12,42662.23,13759293642.0,808635370790.375,1.7015448666994883,2.054205987536939,43825.0,1162.7699999999968,-0.00016299999999999995
2022-01-13,43890.0,13944979859.0,831443956725.0,1.6772002185124186,2.877885192593066,42675.0,-1215.0,-0.001195666666666667
2022-01-14,42553.05,13788761311.0,805378847251.25,1.712083866873448,-3.0461380724538523,43120.0,566.9499999999971,-0.005077666666666667
2022-01-15,43048.2,13789624805.0,815885350766.3125,1.690142468184804,1.1636063689911547,,,0.004981
2022-01-17,43083.357,13765325822.0,816035059568.25,1.6868547080909728,0.08166891995484704,42195.0,-888.3570000000036,0.006132666666666667
2022-01-18,42243.29,13829382065.0,802756431618.75,1.7227369997040316,-1.949864306070681,41665.0,-578.2900000000009,0.009999333333333334
2022-01-19,42335.4,13843646624.0,795546174800.0,1.7401436978161937,0.218046463710575,41575.0,-760.4000000000015,0.008324333333333335
2022-01-20,41669.0,14141115859.0,816212841656.25,1.732527980116682,-1.5740963826962773,42675.0,1006.0,0.01
2022-01-21,40758.0,13909551066.0,726605726575.0,1.9143189431723067,-2.186277568456163,38180.0,-2578.0,0.007583
2022-01-22,36510.462,12255789892.0,654826197018.75,1.8716095885896686,-10.421360223759757,,,0.004357
2022-01-23,35064.5,11960535724.0,659610322312.5,1.8132729763943145,-3.960404554727348,36340.0,1275.5,0.0023903333333333333
2022-01-24,36299.535,12478778776.0,705494127993.75,1.7687998072339093,3.522180552980947,37220.0,920.4649999999965,0.004698
2022-01-25,36670.0,12370409658.0,700402355625.0,1.7661861869327005,1.02057781180942,36855.0,185.0,0.0027060000000000005
2022-01-26,36958.1817,12504276235.0,714631431937.5,1.7497517847904562,0.7858786473956991,37060.0,101.818299999999,-0.0017863333333333333
2022-01-27,36804.5,12283388184.0,674827815094.0549,1.8202255314991704,-0.4158259225182648,35565.0,-1239.5,-0.007536333333333333
2022-01-28,37120.185,12186642370.0,718660693093.75,1.695743552849389,0.8577347878656161,37075.9,-44.28499999999622,0.0031839999999999993
2022-01-29,37707.5,12638592745.0,723924897125.0,1.7458430833354384,1.5821984723406013,,,0.0003723333333333332
2022-01-30,38146.209,12978551278.0,714791863856.25,1.8157105493593144,1.1634528939866051,37905.0,-241.20900000000256,0.008392
2022-01-31,37881.0,12826124453.0,732023582800.0,1.7521463453321957,-0.6952433988918871,37075.9,-805.0999999999985,-0.001363333333333333
2022-02-01,38499.427,13370443678.0,734659790000.0,1.8199503851980248,1.6325519389667642,38585.0,85.57299999999668,-0.0013809999999999996
2022-02-02,38669.2,13076399553.0,701801658923.6871,1.8632614196231059,0.44097539425715926,37535.0,-1134.199999999997,0.003216
2022-02-03,36947.048,12432505180.0,697285940000.0,1.7829852097691803,-4.453549595026518,36265.0,-682.0480000000025,-0.0026936666666666667
2022-02-04,37270.72,12901746464.0,770333442918.75,1.6748262174774615,0.876042924999032,40640.0,3369.279999999999,0.0009636666666666665
2022-02-05,41572.0,13605350309.0,786676289025.0,1.7294725287655939,11.540641017935794,,,0.009152333333333334
2022-02-06,41437.036,13644450472.0,787262698650.0,1.7331508904711905,-0.32465120754353594,42450.0,1012.9639999999999,0.01
2022-02-07,42382.5,14067213827.0,831280424059.0938,1.6922344638299813,2.2816882945005945,44235.0,1852.5,-0.0009586666666666664
2022-02-08,43835.4,14406908990.0,813666315075.0,1.77061637222527,3.4280658290568145,44340.0,504.59999999999854,0.01
2022-02-09,44001.5,14108075833.0,834358045537.5,1.690889889353373,0.3789174959051289,44855.0,853.5,0.0063873333333333325
2022-02-10,44301.67,14118481895.0,847136221425.0,1.6666129410982764,0.6821812892742196,44180.0,-121.66999999999825,0.006067
2022-02-11,43512.5,13986246541.0,805012351840.5319,1.737395272137463,-1.7813549692370478,42390.0,-1122.5,-0.002995333333333334
2022-02-12,42413.51,13529661957.0,795386342725.0,1.7010176351089044,-2.525688020683703,,,0.01
2022-02-13,42206.0,13710459248.0,801137875125.0,1.7113732446940901,-0.4892544851864411,42082.5,-123.5,0.007599333333333333
2022-02-14,42062.88,13732577397.0,797866513939.1022,1.7211622692625186,-0.33909870634507566,42205.0,142.12000000000262,0.006342999999999999
2022-02-15,42530.3,13972991706.0,834231459375.0,1.6749538211455681,1.111241075266367,44215.0,1684.699999999997,0.0025673333333333334
2022-02-16,44547.819,14674414844.0,839732449893.75,1.747510751294264,4.743721534999756,44175.0,-372.81900000000314,0.01
2022-02-17,43864.0,14545716537.0,770097791925.0,1.8888142115873785,-1.5350223991886236,40900.0,-2964.0,0.01
2022-02-18,40519.023,14104315530.0,760196512501.5725,1.8553512543206812,-7.625791081524714,39945.0,-574.023000000001,-0.0014323333333333332
2022-02-19,39977.4,13719590081.0,758577139018.75,1.8085952469839575,-1.3367128817493912,,,0.006223666666666666
2022-02-20,40112.975,13907028791.0,726036500718.75,1.915472400799759,0.33912910794597906,38327.5,-1785.4749999999985,0.0006956666666666662
2022-02-21,38350.5,13386742643.0,724111607225.0,1.8487126168715586,-4.393777823759015,37010.0,-1340.5,-0.0004903333333333335
2022-02-22,37009.693,13047670128.0,720048681462.5,1.8120538880091708,-3.496191705453644,37915.0,905.3070000000007,-0.0019883333333333333
2022-02-23,38236.0,13418974212.0,713182093200.0,1.8815635361496483,3.3134752022936365,37660.0,-576.0,-0.0061860000000000005
2022-02-24,37262.8,13267626974.0,727969771500.0,1.8225519099044074,-2.5452453185479618,38360.0,1097.199999999997,-0.006259999999999999
2022-02-25,38319.0,13092842695.0,733596585312.5,1.7847469518172123,2.8344622518973184,39202.1,883.0999999999985,0.005739333333333333
2022-02-26,39219.839,13745557640.0,743476620137.5,1.8488217743091733,2.3508938124690015,,,0.008982
2022-02-27,39090.8,13648192960.0,717193827831.25,1.9029992214616926,-0.32901460916245906,37632.5,-1458.300000000003,0.0022496666666666667
2022-02-28,37711.69,13252157333.0,791749728968.75,1.6737811012907915,-3.5279656594390474,39202.1,1490.4099999999962,-0.011846333333333334
2022-03-01,43198.5844,14163393949.0,833431723125.0,1.699406628763007,14.549585022575219,44240.0,1041.4156000000003,0.008123
2022-03-02,44408.0,14742685932.0,836603962437.5,1.7622060848296996,2.7996648890189046,43925.0,-483.0,0.006497666666666666
2022-03-03,43939.8479,14799577495.0,799493743475.0,1.8511186129704567,-1.0542066744730683,42080.0,-1859.8479000000007,0.01
2022-03-04,42475.5,14720713172.0,775465775325.0,1.8983059782142553,-3.3326194103644124,39545.0,-2930.5,0.01
2022-03-05,39109.3443,13775713568.0,750720041168.75,1.8350001082365452,-7.924934844792886,,,0.0072186666666666675
2022-03-06,39381.5,13966559194.0,740785819962.5,1.8853707532775146,0.6958840780155962,38335.0,-1046.5,0.001704
2022-03-07,38344.63,13663681175.0,718073067937.5,1.9028260193974114,-2.6328859997714726,37540.0,-804.6299999999974,-0.003947333333333333
2022-03-08,37988.0,13336153101.0,731772702000.0,1.822444737901688,-0.93006504430998,38505.0,517.0,0.0077926666666666665
2022-03-09,38733.2337,13362001498.0,794608323525.0,1.681583379182864,1.9617608192060487,41920.0,3186.766300000003,0.008925333333333334
2022-03-10,41941.0,14459001954.0,745475558498.9568,1.939567540364938,8.281689891541388,39630.0,-2311.0,0.003120333333333333
2022-03-11,39430.47,13803033031.0,734985289762.5,1.878001263870227,-5.9858610905796255,38325.0,-1105.4700000000012,-0.004424
2022-03-12,38733.0,13811238507.0,740943584406.25,1.8640067607937438,-1.7688604776965655,,,-0.00023466666666666658
2022-03-13,38796.372,14061362507.0,718244399718.75,1.9577406398861092,0.16361242351483618,37770.0,-1026.372000000003,-0.0036609999999999998
2022-03-14,37737.0,14257581605.0,744212028983.5111,1.9157956401852103,-2.7305955309429475,38830.0,1093.0,-0.004
2022-03-15,39691.7,14324013298.0,745075603069.4044,1.9224912531011575,5.179797016191001,39760.0,68.30000000000291,0.006421
2022-03-16,39274.0,14127705171.0,754699670400.0,1.871963871868679,-1.0523610729699096,40920.0,1646.0,0.008623666666666667
2022-03-17,41098.0,14491358966.0,777234100612.9532,1.864478019501669,4.644293934918786,40885.0,-213.0,0.01
2022-03-18,40973.655,14278418879.0,788478080331.25,1.810883426588276,-0.3025573020584926,42095.0,1121.3450000000012,0.007220666666666667
2022-03-19,41761.0,15046272311.0,798526083075.0,1.8842555841205764,1.921588396251206,,,0.01
2022-03-20,42221.173,15522808179.0,783070959375.0,1.9822990487847192,1.1019204520964498,41285.0,-936.1730000000025,0.01
2022-03-21,41251.5,15195256316.0,781591027206.0796,1.9441441607022845,-2.2966510191462564,41220.0,-31.5,0.0029843333333333336
2022-03-22,41032.58,15151322690.0,807553310053.0527,1.876200927094785,-0.5306958534841089,42390.0,1357.4199999999983,0.01
2022-03-23,42349.0,15530544339.0,800753371550.0,1.9394915951384482,3.2082311178093015,42250.0,-99.0,0.009004666666666666
2022-03-24,42926.608,15827341888.0,834754475656.25,1.8960475624353121,1.3639235873338151,43965.0,1038.3919999999998,0.0005189999999999999
2022-03-25,43988.5,16558504088.0,845599396487.3412,1.9581972452658774,2.4737384328153755,44504.0,515.5,0.005143000000000001
2022-03-26,44364.128,16225528928.0,842072763325.0,1.9268559244134724,0.8539231844686634,,,0.004209333333333333
2022-03-27,44503.5,16447700681.0,886965344606.25,1.854379179639946,0.3141547152690549,47060.0,2556.5,0.0010176666666666667
2022-03-28,46843.739,17097584260.0,908587783537.5,1.8817757149927974,5.258550451088118,44504.0,-2339.7390000000014,0.01
2022-03-29,47122.0,17012307640.0,902866596676.2638,1.8842548503430807,0.5940196191426939,47930.0,808.0,0.009864666666666667
2022-03-30,47484.24,18097705649.0,894760094558.0128,2.0226321847690105,0.7687279826832372,47240.0,-244.23999999999796,0.01
2022-03-31,47059.44,16851772424.0,866248954875.0,1.9453729010768868,-0.8946126125215392,45735.0,-1324.4400000000023,0.01
2022-04-01,45504.218,16163896106.0,880657531875.0,1.8354349472928022,-3.304803457074712,46550.0,1045.7819999999992,0.008939666666666667
2022-04-02,46252.36,16326856045.0,876424296093.75,1.8628940477539588,1.644115716921002,,,0.01
2022-04-03,45795.0,16268159914.0,887138495568.75,1.8337790542580819,-0.9888360291237075,46572.5,777.5,0.01
2022-04-04,46455.003,16805774299.0,882720693226.3286,1.9038609186304662,1.4412119226989706,46085.0,-370.002999999997,0.01
2022-04-05,46610.0,16832211793.0,869615604000.0,1.9355921990792613,0.3336497470466382,46140.0,-470.0,0.01
2022-04-06,45526.82,16986455552.0,833294970243.75,2.038468508580009,-2.3239219051705673,43775.0,-1751.8199999999997,0.009966000000000001
2022-04-07,43149.5,16863213244.0,826929848875.0,2.0392555991226615,-5.221801127335491,43380.0,230.5,0.007473666666666667
2022-04-08,43471.421,18538376041.0,807145585056.25,2.296782189511457,0.7460596298914268,42715.0,-756.4210000000021,0.008102
2022-04-09,42260.0,17393082303.0,810281465437.5,2.1465482113192422,-2.786706696337349,,,0.009759666666666666
2022-04-10,42750.53,17421734653.0,821170818143.75,2.1215725483744894,1.1607430194036983,42120.0,-630.5299999999988,0.006317333333333334
2022-04-11,42133.7,17214646103.0,768514102956.25,2.2399909171191874,-1.4428593049021887,39955.0,-2178.699999999997,0.006747666666666667
2022-04-12,39454.245,15938138446.0,755098692562.5,2.1107358022184353,-6.35941063804032,39290.0,-164.24500000000262,-0.007936
2022-04-13,40054.4,16001477559.0,781498021800.0,2.04753909960569,1.5211417681417982,41120.0,1065.5999999999985,-0.000808
2022-04-14,41127.53,16044885603.0,757412345168.75,2.1183818438324016,2.6791813134137588,39825.0,-1302.5299999999988,0.004324666666666667
2022-04-15,39927.0,15433227949.0,768812148256.3726,2.007412081612106,-2.9190423057256276,39885.0,-42.0,-0.0041136666666666665
2022-04-16,40587.186,15105081245.0,770255919249.1073,1.9610470841594259,1.6534826057555074,,,0.0045323333333333335
2022-04-17,40359.8,15209290358.0,763033372112.5,1.9932667316885813,-0.5602408602557452,39670.0,-689.8000000000029,0.006852666666666667
2022-04-18,39672.8,15316102456.0,773226240070.7094,1.980804797131482,-1.7021888116393047,40700.0,1027.199999999997,-0.008621333333333333
2022-04-19,40790.718,14956766826.0,786455568212.5,1.901794256475871,2.8178449718698984,41520.0,729.2819999999992,0.003741
2022-04-20,41494.0,15225479042.0,783716541356.25,1.9427277897761037,1.7241226300551915,41235.0,-259.0,0.007568999999999999
2022-04-21,41346.0,15146171636.0,774358670910.2667,1.955963328749908,-0.356678073938399,41245.0,-101.0,9.700000000000015e-05
2022-04-22,40499.948,15018408697.0,756050989950.0,1.9864280182998257,-2.0462729163643445,39455.0,-1044.9479999999967,-0.004790999999999999
2022-04-23,39674.3,15178882057.0,757417675537.5,2.004030609165324,-2.0386396545496677,,,-0.009489333333333334
2022-04-24,39433.9,15164918547.0,751850054655.3027,2.0170136921719837,-0.6059338160975813,39445.0,11.099999999998545,-0.012401
2022-04-25,39442.5,15048564199.0,763644964468.75,1.9706231166559103,0.021808646874887927,40210.0,767.5,-0.003176333333333333
2022-04-26,40462.9058,15172486025.0,718348886125.0,2.1121332987436183,2.5870718133992554,38220.0,-2242.9058000000005,0.01
2022-04-27,38102.86,14904047037.0,742779156625.0,2.0065246721138768,-5.832615708978572,38900.0,797.1399999999994,-0.007235333333333333
2022-04-28,39240.0,14847131576.0,755220121500.0,1.9659343221034664,2.984395397090922,39920.0,680.0,-0.00042000000000000023
2022-04-29,39744.039,14739786419.0,733641596000.0,2.009126322630158,1.2845030581039696,38997.3,-746.7389999999941,0.007542666666666667
2022-04-30,38591.0,14650281786.0,730423424168.75,2.0057245292581607,-2.901162108863664,,,0.0003636666666666669
2022-05-01,37672.554,14342590240.0,728257936380.1107,1.9694382338339467,-2.3799486927003843,38292.5,619.9460000000036,0.004166
2022-05-02,38448.5,14372907789.0,735637583819.4313,1.9538028106687868,2.0597116935581417,38997.3,548.8000000000029,0.009666666666666667
2022-05-03,38495.602,14507874274.0,716261701225.0,2.025499094700671,0.12250672978140198,37635.0,-860.601999999999,0.01
2022-05-04,37725.0,15088120772.0,755526353391.4712,1.9970343462238154,-2.0017923086382727,39900.0,2175.0,0.007501333333333333
2022-05-05,39693.84,15172525189.0,692389300050.3121,2.191328662632062,5.21892644135189,36270.0,-3423.8399999999965,0.01
2022-05-06,36535.9,14763181764.0,687023371900.0,2.1488616498113635,-7.955743258903636,35925.0,-610.9000000000015,-0.004999
2022-05-07,36029.104,14267816197.0,683947152869.55,2.086099216458222,-1.3871178758426694,,,0.00047933333333333335
2022-05-08,35459.0,14244373901.0,658470049701.7566,2.163253120996431,-1.582342985826124,34055.0,-1404.0,0.005780333333333334
2022-05-09,34038.4,13932373467.0,590097981250.0,2.361027136118507,-4.006317155024108,30930.0,-3108.4000000000015,0.01
2022-05-10,30123.17,12898794220.0,582287697300.0,2.2151926409934815,-11.502391416752856,31280.0,1156.8300000000017,0.01
2022-05-11,31002.0,12693150859.0,559523447362.5,2.26856460061386,2.917455234625055,29195.0,-1807.0,0.003669
2022-05-12,28965.0279,12526812346.0,564402400875.0,2.219482469702384,-6.570453841687629,28585.0,-380.02790000000095,-0.025148666666666666
2022-05-13,28927.5,11969931467.0,564907281662.5,2.118919662669768,-0.1295627959674861,30035.0,1107.5,-0.0005623333333333331
2022-05-14,29264.4188,12047125924.0,574135175400.0,2.0983082800329673,1.1647007173105184,,,0.01
2022-05-15,30076.9,11914409843.0,573314347875.0,2.0781635567225862,2.7763449038666677,31270.0,1193.0999999999985,0.009114333333333334
2022-05-16,31280.05,12019587016.0,573177409931.25,2.0970098974140825,4.000246035994404,29505.0,-1775.0499999999993,0.007941
2022-05-17,29859.9,11684960033.0,576118223975.0,2.028222602017022,-4.540114226160119,30000.0,140.09999999999854,0.004665
2022-05-18,30432.0,11888129076.0,553897423125.0,2.1462690707115213,1.9159474747068694,29185.0,-1247.0,-0.0032720000000000006
2022-05-19,28657.26,11840192170.0,573145325253.3481,2.0658272253666667,-5.831821766561518,29945.0,1287.7400000000016,0.004249333333333333
2022-05-20,30324.0,13339291862.0,549818769146.2418,2.426125227174991,5.816117800515475,29260.0,-1064.0,0.01
2022-05-21,29187.108,12861838339.0,558696628175.3512,2.3021149028598065,-3.7491491887613804,,,6.699999999999993e-05
2022-05-22,29436.5,12091543854.0,574830123654.4358,2.1034986435869074,0.8544594414766848,30290.0,853.5,0.0031156666666666663
2022-05-23,30301.571,12692770140.0,558879482606.25,2.2711104155781823,2.9387698945187113,29015.0,-1286.571,0.01
2022-05-24,29084.0,12382270542.0,555510676425.0,2.2289887606996768,-4.018177803388479,29305.0,221.0,-0.0033853333333333326
2022-05-25,29645.8,12480090316.0,567691728168.75,2.19839213727106,1.9316462659881628,29535.0,-110.79999999999927,0.007892999999999999
2022-05-26,29527.78,12362622205.0,559679314556.25,2.208876026587098,-0.3981002367957731,29315.0,-212.77999999999884,0.006079
2022-05-27,29196.0,12257107772.0,546807363012.5,2.2415769430156343,-1.1236198589937962,29042.2,-153.79999999999927,0.01
2022-05-28,28579.496,12068977320.0,552861707727.7244,2.1830011287277977,-2.111604329360184,,,0.009570666666666667
2022-05-29,28987.0,12023436863.0,558452351899.6808,2.1529924302583767,1.4258613937768505,,,0.01
2022-05-30,29458.1,12742567578.0,585199743312.5,2.1774732001540533,1.6252113016179681,31762.5,2304.4000000000015,0.01
2022-05-31,31697.0,13208602928.0,605029398750.0,2.183134068408771,7.600286508634313,31820.0,123.0,0.01
2022-06-01,31784.577,13340819786.0,574394834737.5,2.322587004476945,0.2762942865255358,30035.0,-1749.5770000000011,0.01
2022-06-02,29790.0,12555760637.0,574626120212.5,2.1850313091157094,-6.275298236625904,30290.0,500.0,0.0009733333333333333
2022-06-03,30443.0,12580592380.0,567263126512.5,2.217770165556985,2.1920107418596846,29535.0,-908.0,0.0007009999999999999
2022-06-04,29670.21,12474551358.0,568256299481.25,2.195233272273052,-2.5384817527838943,,,0.0035236666666666667
2022-06-05,29847.5,12499558199.0,574251812875.0,2.1766684786628328,0.5975353730222954,29860.0,12.5,0.003979666666666667
2022-06-06,29880.758,12610128167.0,600393150000.0,2.1003117985273483,0.11142641762291738,31490.0,1609.2419999999984,0.008564
2022-06-07,31338.0,13582890531.0,596691609150.0,2.276366941098622,4.8768575415657045,31045.0,-293.0,-0.001313
2022-06-08,31118.423,12917863593.0,578119349350.0,2.234463110000385,-0.7006733039760071,30080.0,-1038.4229999999989,0.01
2022-06-09,30195.0,12295635052.0,575167578673.8298,2.1377482855257908,-2.9674479326924685,29945.0,-250.0,0.009702
2022-06-10,30095.4,12565054428.0,555642258600.0,2.261356877293494,-0.3298559364133036,28920.0,-1175.4000000000015,0.0075973333333333335
2022-06-11,29050.573,12768062924.0,545599844787.5,2.340188151808016,-3.471716607853692,,,0.0029156666666666667
2022-06-12,28417.0,12772179281.0,537004154125.0,2.378413496970264,-2.18093116442144,26502.5,-1914.5,0.003667333333333333
2022-06-13,26636.827,12211655407.0,452104996200.0,2.701066236746003,-6.264464932962655,23110.0,-3526.827000000001,0.000618
2022-06-14,22430.5,10356421536.0,422974491143.75,2.448474258576581,-15.791396625431409,22125.0,-305.5,-0.003711666666666667
2022-06-15,22182.466,10121100002.0,423589602725.0,2.3893645965079915,-1.1057889926662345,21625.0,-557.4660000000003,-0.0033276666666666663
2022-06-16,22590.0,10130866826.0,401960589006.25,2.5203632154699815,1.8371897876457988,20790.0,-1800.0,-0.0016386666666666667
2022-06-17,20351.95,9592911764.0,391199928600.0,2.452176256353233,-9.907259849490924,20470.0,118.04999999999927,-0.002205333333333333
2022-06-18,20453.4,9594832478.0,347204236462.5,2.763454897831091,0.49847803281750647,,,0.005719333333333333
2022-06-19,18996.31,9140334387.0,374263408750.0,2.4422196168008368,-7.1239500523140435,20560.0,1563.6899999999987,0.0023076666666666666
2022-06-20,20552.24,9493217091.0,383111316200.0,2.4779265684869896,8.190695982535567,20307.5,-244.7400000000016,0.0021376666666666666
2022-06-21,20510.5,9551731841.0,403479054156.9277,2.3673426767985295,-0.20309221768528563,20860.0,349.5,0.005665
2022-06-22,20698.87,9659841260.0,384995671200.0,2.5090778890814707,0.918407644864816,20105.0,-593.869999999999,-0.0014813333333333334
2022-06-23,19968.0,9552145991.0,401478891450.0,2.3792399038716634,-3.5309657000599515,20900.0,932.0,-0.0017016666666666666
2022-06-24,21081.05,9827229850.0,407523258375.0,2.411452511737883,5.574168669871793,21206.9,125.85000000000218,0.008668666666666667
2022-06-25,21231.5,9250698071.0,409509833575.0,2.2589684819633944,0.7136741291349447,,,0.007540333333333334
2022-06-26,21484.2091,9605975377.0,406454653762.3408,2.3633572129344436,1.1902555165673734,21030.0,-454.20910000000003,0.006889666666666666
2022-06-27,21042.36,9346301927.0,398707456275.0,2.344150273566388,-2.0566226010153676,21206.9,164.54000000000087,0.0058183333333333325
2022-06-28,20718.0,9375602309.0,389160791293.7284,2.409184717152952,-1.5414620793485212,20175.0,-543.0,-0.0019213333333333333
2022-06-29,20251.34,9552466303.0,383557216100.0,2.4904931786003752,-2.252437493966597,20185.0,-66.34000000000015,0.005947333333333333
2022-06-30,20118.5,9378759960.0,358191552443.3852,2.6183643628732374,-0.655956593489615,18760.0,-1358.5,-0.006904666666666666
2022-07-01,19931.083,9339442434.0,371995107862.5,2.510635821977563,-0.9315654745632229,19315.0,-616.0829999999987,-0.004580333333333334
2022-07-02,19282.0,9019197112.0,368119388812.5,2.4500739124593864,-3.2566368822005254,,,0.0014749999999999997
2022-07-03,19213.614,9093782391.0,368093129599.6135,2.470511308073474,-0.35466237942121115,19245.0,31.385999999998603,0.0052
2022-07-04,19310.0,9152692153.0,377468774402.07697,2.4247547807095216,0.5016547121223347,20195.0,885.0,0.00489
2022-07-05,20220.0,9866142789.0,372944354366.1213,2.645473157991382,4.712584153288457,20390.0,170.0,0.005137
2022-07-06,20184.933,9827275575.0,392197492775.0,2.505695665076017,-0.17342729970325488,20275.0,90.0669999999991,0.009457666666666668
2022-07-07,20502.0,10069630810.0,398130594787.5,2.5292280829044573,1.5708102672423951,21855.0,1353.0,0.008424666666666667
2022-07-08,21640.47,11040367774.0,415178681250.0,2.659184652921049,5.552970441908123,21765.0,124.52999999999884,0.006737333333333334
2022-07-09,21570.0,10589994487.0,414357365312.5,2.5557635445947096,-0.32563987750728884,,,0.008714333333333333
2022-07-10,21576.388,10627339957.0,398439782156.25,2.6672386726766253,0.029615206305044772,20835.0,-741.387999999999,0.009987333333333334
2022-07-11,20852.0,10348333116.0,390128033406.25,2.6525479406459427,-3.3573181943150066,20455.0,-397.0,0.006759666666666666
2022-07-12,19940.045,10042328947.0,378874549248.0911,2.650568365420654,-4.373465375023988,19315.0,-625.0449999999983,0.005701
2022-07-13,19289.61,9913126622.0,371755543718.75,2.6665712965129935,-3.2619535211680706,19615.0,325.3899999999994,-0.0006016666666666667
2022-07-14,20262.0,10187270677.0,394379986218.75,2.5831104602122092,5.041003939426458,20625.0,363.0,0.004502666666666666
2022-07-15,20571.355,10570160160.0,401767769018.75,2.6309129241043485,1.52677425723029,21190.0,618.6450000000004,0.004086333333333333
2022-07-16,20825.0,10605954896.0,404920077500.0,2.6192711809900313,1.2330009374686313,,,0.0049503333333333335
2022-07-17,21184.31,10817698638.0,399511469443.75,2.70773168366399,1.7253781512605038,20760.0,-424.3100000000013,0.008915666666666667
2022-07-18,20800.5,10791424849.0,413701289662.5,2.6085064559029316,-1.8117654056233223,21620.0,819.5,0.01
2022-07-19,22452.4265,11221044179.0,451497417489.3295,2.4852953182761435,7.941763419148584,23460.0,1007.5734999999986,0.01
2022-07-20,23395.0,11881197243.0,446314064838.3597,2.6620709896971273,4.1980919077944545,23695.0,300.0,0.009372666666666666
2022-07-21,23219.6,11750551909.0,442979617521.6561,2.652616834774694,-0.7497328488993427,23230.0,10.400000000001455,0.01
2022-07-22,23175.468,11515255372.0,433129829637.9041,2.6586151735674117,-0.19006356698649807,22615.0,-560.4680000000008,0.008390666666666666
2022-07-23,22684.5,11345359169.0,428522069512.5,2.6475553947330726,-2.1184814908592142,,,0.0066879999999999995
2022-07-24,22467.1515,11291139235.0,433339036070.6759,2.6056132254742126,-0.9581366131058644,22595.0,127.84850000000006,0.007354333333333333
2022-07-25,22588.5,11422786059.0,412992351037.5,2.7658589875343242,0.5401151988493114,21885.0,-703.5,0.004519
2022-07-26,21311.9145,10795341368.0,403118647368.75,2.6779563382799894,-5.651484162294973,20915.0,-396.91449999999895,0.007437666666666666
2022-07-27,21257.5,10814482547.0,419722825331.25,2.5765771824453645,-0.25532431635834074,22780.0,1522.5,0.004209
2022-07-28,22940.4317,11877178610.0,457001048306.25,2.598939029575431,7.916884393743384,23805.0,864.568299999999,0.009743
2022-07-29,23840.315,11903859754.0,456796058847.6067,2.605946247441528,3.9226955785666373,24082.4,242.08500000000276,0.01
2022-07-30,23770.0,11968369041.0,457309669862.5,2.6171257311481186,-0.29494157270991694,,,0.01
2022-07-31,23657.73,12037866148.0,456049725825.0,2.639595084992835,-0.47231804795961896,23405.0,-252.72999999999956,0.008760333333333334
2022-08-01,23299.5,11763622863.0,446576039862.5,2.6341813740437123,-1.5142196652003337,23030.0,-269.5,0.008816333333333334
2022-08-02,23275.55,11565289156.0,446555929762.5,2.5898859213785337,-0.10279190540569694,23000.0,-275.5499999999993,0.008539333333333335
2022-08-03,22983.0,11313220581.0,445586516843.75,2.5389503841219483,-1.2568983332295058,23540.0,557.0,0.00024999999999999995
2022-08-04,22840.573,11473787401.0,429683647687.9268,2.670287189828841,-0.6197058695557534,22455.0,-385.5730000000003,0.0010076666666666665
2022-08-05,22600.0,11302785491.0,438153145925.0,2.5796426651549664,-1.0532704236448032,22960.0,360.0,0.003527
2022-08-06,23305.5,11226428112.0,442783193843.75,2.53542326540099,3.1216814159292117,,,0.008492333333333333
2022-08-07,22942.35,11358784025.0,443320733050.0,2.562204557150477,-1.5582158717899253,23197.5,255.15000000000146,0.0038880000000000004
2022-08-08,23195.0,11473466392.0,457431250687.5,2.5082384237534843,1.1012385392080715,23985.0,790.0,0.007596666666666667
2022-08-09,23797.27,12148868088.0,440842931969.6328,2.755826895924208,2.596550980814838,23060.0,-737.2700000000004,0.009306666666666666
2022-08-10,23136.5,11928750999.0,460383116606.25,2.5910487523812162,-2.77666303739883,23655.0,518.5,0.0029023333333333336
2022-08-11,23934.477,11732502352.0,465714696956.25,2.519246746705563,3.4489961748751963,24245.0,310.52300000000105,0.007372333333333334
2022-08-12,23955.5,11948769391.0,462890358000.0,2.5813390113863637,0.08783563559797702,24240.0,284.5,0.002350666666666667
2022-08-13,24424.6572,12036381805.0,468260109704.2153,2.5704478249498965,1.9584529648723814,,,0.0023499999999999997
2022-08-14,24427.221,12290250763.0,464178107676.7437,2.647744596252911,0.010496769633272507,24315.0,-112.22100000000137,0.0011006666666666667
2022-08-15,24305.0,12144332454.0,460965629037.5,2.6345418593046657,-0.5003475426042181,24000.0,-305.0,-0.0013426666666666667
2022-08-16,24089.0,11879115338.0,458637551456.25,2.5900878155924754,-0.8887060275663439,23945.0,-144.0,0.0020896666666666668
2022-08-17,23868.458,11912834067.0,446360870250.0,2.668879568302616,-0.9155299099173897,23230.0,-638.4579999999987,0.0033640000000000002
2022-08-18,23321.0,12200524514.0,447087170487.5,2.7288916612607457,-2.2936462841462113,23335.0,14.0,0.008520666666666668
2022-08-19,23212.7276,12257119346.0,401584668205.6511,3.0521880730075934,-0.4642699712705367,21230.0,-1982.7275999999983,0.0017873333333333335
2022-08-20,20833.7,11164099360.0,405328318101.8469,2.754334908619633,-10.248806779604813,,,-0.003406333333333333
2022-08-21,21150.294,11298015247.0,410889507793.75,2.7496480276812396,1.5196244546096027,21430.0,279.7059999999983,-0.0029266666666666664
2022-08-22,21507.0,11181468149.0,402664529062.5,2.7768694141083525,1.6865297475297414,20965.0,-542.0,-0.002428666666666667
2022-08-23,21389.54,11455150531.0,412024093800.0,2.780213755305394,-0.5461477658436742,21490.0,100.45999999999913,-0.0021766666666666666
2022-08-24,21537.1983,11560341119.0,415581312103.66425,2.781727855009116,0.6903294788013215,21710.0,172.80169999999998,-0.0017939999999999998
2022-08-25,21378.0,11434984458.0,413364911700.0,2.766317153280526,-0.7391783173580246,21565.0,187.0,0.002052
2022-08-26,21594.7665,11466782856.0,396149153218.75,2.8945620009108404,1.0139699691271487,21417.9,-176.8665000000001,0.0013663333333333333
2022-08-27,20253.5,11381951074.0,382085223518.75,2.978903755863633,-6.2110720206213,,,-0.004497999999999999
2022-08-28,20030.516,11618969486.0,380958839431.25,3.049927783102884,-1.1009652652627988,19375.0,-655.5159999999996,-0.0041990000000000005
2022-08-29,19551.0,11412694264.0,386373714062.5,2.953796764278296,-2.3939273456559995,19965.0,414.0,-0.009957333333333334
2022-08-30,20285.8,11670431814.0,382201542675.0,3.053475852640343,3.7583755306633826,19770.0,-515.7999999999993,-0.0027120000000000004
2022-08-31,19798.1,11448366740.0,387598749468.75,2.953664519220287,-2.4041447712192854,20065.0,266.90000000000146,0.00288
2022-09-01,20056.0,11025609494.0,377681995762.5,2.91928384665,1.3026502543173502,19695.0,-361.0,0.005095333333333334
2022-09-02,20132.1146,11323969548.0,382501045016.67645,2.960506826198682,0.37951037096131124,19775.0,-357.1146000000008,0.003948666666666666
2022-09-03,19941.0,11117041538.0,377782159245.3847,2.9427121598876336,-0.9493021662016599,,,0.0034526666666666664
2022-09-04,19830.008,11479817152.0,380285049681.25,3.018740063965763,-0.5566019758286855,19875.0,44.99199999999837,0.0027233333333333332
2022-09-05,20000.6,11592392249.0,377985830400.0,3.0668854006332613,0.8602719676159332,19657.5,-343.09999999999854,0.004089
2022-09-06,19795.12,11592747447.0,365789221000.0,3.169242498537156,-1.0273691789246309,18635.0,-1160.119999999999,0.0011903333333333334
2022-09-07,18783.0,11418660481.0,364363141475.624,3.133868160965977,-5.112977339869618,18925.0,142.0,-0.003117333333333333
2022-09-08,19271.9,11290273066.0,370017106112.5,3.0512840837599833,2.6028855880317447,19247.5,-24.400000000001455,0.003204666666666667
2022-09-09,19328.198,11224046806.0,409553824018.75,2.7405547568483075,0.2921248034703394,21345.0,2016.8019999999997,0.007104
2022-09-10,21368.0,12400260332.0,412634841900.0,3.0051413678259244,10.553503228805905,,,0.009921333333333332
2022-09-11,21689.537,12578990623.0,412697113412.5,3.0479957853320427,1.504759453388238,21885.0,195.46299999999974,0.007942333333333334
2022-09-12,21822.5,12794584437.0,426680106937.5,2.9986362684759866,0.6130283002352632,22455.0,632.5,0.009415333333333333
2022-09-13,22389.44,12848738349.0,387538676481.25,3.3154725266812566,2.597960820254319,20240.0,-2149.4399999999987,0.009988333333333333
2022-09-14,20167.0,11184247623.0,384079661052.0925,2.9119603970602044,-9.926286678005336,19925.0,-242.0,-0.0007406666666666667
2022-09-15,20213.2,11058112400.0,380310859337.5,2.907650972486872,0.22908712252689423,19730.0,-483.2000000000007,0.003712333333333333
2022-09-16,19700.7862,10917619602.0,376687805175.0,2.898320426627015,-2.5350454158668656,19575.0,-125.78619999999864,0.0051076666666666675
2022-09-17,19814.0,11181675448.0,385254504700.0,2.90241264192543,0.5746664059528728,,,0.0029423333333333333
2022-09-18,20140.37,11444141634.0,377571409600.0,3.0309873425331513,1.6471686686181375,19350.0,-790.369999999999,0.0059373333333333335
2022-09-19,19430.0,11267527311.0,363517711005.4609,3.099581387612428,-3.527095083158849,19480.0,50.0,-0.0017026666666666668
2022-09-20,19533.3476,10967406683.0,362721345218.75,3.023645238298776,0.531897066392184,18950.0,-583.347600000001,0.005129666666666667
2022-09-21,18877.7,10978539563.0,365401214062.5,3.0045164439771614,-3.356555227635427,18980.0,102.29999999999927,0.0031316666666666667
2022-09-22,18511.534,10702642144.0,366298928500.0,2.9218327740753955,-1.9396748544579068,19295.0,783.4660000000003,-0.0036489999999999995
2022-09-23,19393.4,11105428039.0,360487918382.5623,3.080665806728794,4.763873161457077,18745.0,-648.4000000000015,0.0017373333333333331
2022-09-24,19304.0,11058984147.0,366292874337.5,3.0191644232779478,-0.4609815710499565,,,0.0033226666666666665
2022-09-25,18948.598,11089195827.0,360353991918.75,3.0773062254574137,-1.841079569001236,18750.0,-198.59800000000178,0.002415
2022-09-26,18792.5,11115407276.0,367038293062.5,3.028405342465792,-0.8237970957007068,19180.0,387.5,0.0025109999999999998
2022-09-27,19240.0,11364603681.0,364870663368.75,3.1146937317661427,2.381269123320484,19045.0,-195.0,0.006927333333333334
2022-09-28,19075.0,11220979655.0,373568028020.8746,3.0037312653461297,-0.8575883575883569,19565.0,490.0,0.0018006666666666666
2022-09-29,19408.5,11423960342.0,369156733968.75,3.0946097662049055,1.748361730013115,19405.0,-3.5,0.0066690000000000004
2022-09-30,19593.5,11420429638.0,371180606995.9941,3.0767851075051595,0.953190612360566,19698.6,105.09999999999854,0.01
2022-10-01,19410.1,10776265048.0,369104003587.5,2.919574142588614,-0.9360247020695711,,,0.006734333333333333
2022-10-02,19317.298,10813919781.0,367713808719.6611,2.940852240130137,-0.47811191080932014,,,0.005154
2022-10-03,19059.0,10790318626.0,374030528266.5367,2.8848764500609816,-1.3371331746292792,19525.0,466.0,0.007437333333333333
2022-10-04,19634.72,11337310960.0,389292048275.0,2.912289375094352,3.020725116742762,20285.0,650.2799999999988,0.01
2022-10-05,20319.5,12711102614.0,387228129734.5937,3.2825876112647587,3.4875974803816767,20140.0,-179.5,0.01
2022-10-06,20164.9134,12285185623.0,384373485451.67145,3.1961584469240547,-0.7607795467408085,20025.0,-139.91340000000127,0.01
2022-10-07,19951.6,12243145766.0,375141673101.38,3.2636058971489836,-1.057844364459326,19410.0,-541.5999999999985,0.009171
2022-10-08,19522.94,11849390021.0,372907889507.8995,3.177564850300382,-2.1484993684717013,,,0.005114666666666667
2022-10-09,19408.6,11877645647.0,372006326663.6333,3.1928611950032026,-0.5856699861803594,,,0.002324333333333333
2022-10-10,19485.0,12033334988.0,367482515925.0,3.2745326557130405,0.39363993281329446,19125.0,-360.0,0.007436666666666667
2022-10-11,19134.0855,12173144254.0,364623040537.5,3.338555960713635,-1.8009468822170804,18900.0,-234.08550000000105,0.01
2022-10-12,19049.5,12540582327.0,366594939450.0,3.4208279977390177,-0.44206711629881656,19095.0,45.5,0.01
2022-10-13,19145.152,12521109975.0,372060717500.0,3.365340490426808,0.5021234153127274,19360.0,214.84800000000178,0.007134000000000001
2022-10-14,19356.0,12761290572.0,366689275687.5,3.480137385549129,1.1013127500894226,19110.0,-246.0,0.00721
2022-10-15,19185.0,12281420658.0,365844803775.0,3.3570028961114495,-0.8834469931804145,,,0.004217333333333333
2022-10-16,19065.5,12275878235.0,369392031050.0,3.323265583208634,-0.6228824602554028,19212.5,147.0,0.0021966666666666666
2022-10-17,19272.408,12149306109.0,374627389500.0,3.243037335101202,1.0852482232304395,19515.0,242.59200000000055,0.0038763333333333328
2022-10-18,19564.0,12792496650.0,368676275218.75,3.4698453656693027,1.5130024229458083,19180.0,-384.0,0.01
2022-10-19,19321.5,12540144624.0,367619518706.25,3.4111748658319545,-1.2395215702310391,19200.0,-121.5,0.009199333333333334
2022-10-20,19126.618,12641231146.0,365853778437.5,3.4552687141809972,-1.0086276945371786,19030.0,-96.61799999999857,0.006038666666666667
2022-10-21,19035.0,12827973635.0,366868596862.5,3.4966126140820504,-0.479007841323531,19195.0,160.0,0.0027670000000000004
2022-10-22,19180.4254,12703138932.0,368402266618.75,3.448170677284717,0.76398949303913,,,0.003920666666666667
2022-10-23,19195.0,12626478397.0,374426826400.0,3.372215211821158,0.07598684437937209,19590.0,395.0,0.0034990000000000004
2022-10-24,19565.718,12988777407.0,371260186325.0,3.4985645877012153,1.9313258661109778,19340.0,-225.71800000000076,0.007442666666666667
2022-10-25,19323.3,12501001157.0,389060269687.5,3.213127150464637,-1.238993631616292,20305.0,981.7000000000007,0.004393333333333334
2022-10-26,20079.3,13488596110.0,398694166850.0,3.3831937438590094,3.9123752154135216,20780.0,700.7000000000007,0.004676666666666667
2022-10-27,20776.0,13805461912.0,396601206000.0,3.4809429984436306,3.4697424711020775,20625.0,-151.0,-0.00029566666666666657
2022-10-28,20292.0,12985322462.0,395123351900.0,3.2863971211922696,-2.329611089718908,20478.4,186.40000000000146,-0.0001053333333333333
2022-10-29,20594.0,12716946002.0,400460119312.5,3.1755836321060227,1.4882712398974984,,,0.0038146666666666663
2022-10-30,20804.0,12755778277.0,397021555218.75,3.2128679436490173,1.0197144799456215,20670.0,-134.0,0.0019439999999999995
2022-10-31,20630.0,12357347692.0,391823707562.5,3.1538029612536587,-0.836377619688522,20380.0,-250.0,0.0016373333333333333
2022-11-01,20503.0,12033337099.0,392688224887.5,3.0643488488730193,-0.6156083373727528,20480.0,-23.0,0.000312
2022-11-02,20481.5876,11974148027.0,387289891875.0,3.0917791241669494,-0.10443544847096309,20265.0,-216.58759999999893,0.004012000000000001
2022-11-03,20148.289,11703289134.0,388864180200.0,3.009608426258439,-1.6273084221264056,20285.0,136.71099999999933,0.0033533333333333336
2022-11-04,20214.0,11656036499.0,405180649125.0,2.8767505368707926,0.32613687445122164,21155.0,941.0,0.004158666666666667
2022-11-05,21140.704,12647693032.0,410211709650.0,3.083211116228554,4.584466211536564,,,0.0063166666666666675
2022-11-06,21292.0,13099473886.0,405988361156.25,3.226563896731634,0.7156620706670891,20970.0,-322.0,0.007696333333333333
2022-11-07,20923.4308,12429690498.0,397920876375.0,3.1236588065528585,-1.7310219800864224,20845.0,-78.43079999999827,0.009271
2022-11-08,20576.5,12004903203.0,355756959318.75,3.3744675651569995,-1.6580971032723713,18080.0,-2496.5,0.005057666666666666
2022-11-10,15877.56,9992383031.0,340314084000.0,2.9362237711560595,-22.836439627730666,17780.0,1902.4400000000005,-0.084986
2022-11-11,17591.7,10188657543.0,318971173718.75,3.194225178474516,10.795991323603893,16050.0,-1541.7000000000007,-0.010843666666666666
2022-11-12,17053.61,9873874861.0,322581876500.0,3.060889523035557,-3.0587720345390146,,,0.0031383333333333333
2022-11-13,16776.765,9918820574.0,318157018406.25,3.1175866003794406,-1.6233806214637325,,,-0.0014026666666666666
2022-11-14,16221.0,9549986458.0,318648484875.0,2.9970286730678435,-3.312706591527026,16005.0,-216.0,-0.004195333333333333
2022-11-15,16576.695,9417651141.0,323238008625.0,2.913534575052328,2.1928056223414094,16690.0,113.30500000000029,-0.008771333333333334
2022-11-16,16887.0,9610097395.0,318335691000.0,3.0188564043231962,1.871935268158098,16285.0,-602.0,-0.0062373333333333334
2022-11-17,16660.959,9562362542.0,320712202125.0,2.981602345854305,-1.3385503641854757,16520.0,-140.95899999999892,-0.004127
2022-11-18,16685.0,9796512823.0,319977687300.0,3.0616237355997664,0.14429541540796897,16530.0,-155.0,0.00017233333333333334
2022-11-19,16673.4521,9776873998.0,322338936000.0,3.0331036390837998,-0.06921126760564,,,0.004094666666666667
2022-11-20,16741.5,9782582982.0,318432118500.0,3.0721093801974626,0.4081212432307302,,,0.000598
2022-11-21,16263.976,9719195521.0,306783152025.0,3.16809950508885,-2.8523370068392895,15690.0,-573.9760000000006,0.002994
2022-11-22,15771.0,9625793774.0,310312560000.0,3.101967182378954,-3.0310915362885438,16055.0,284.0,0.0008096666666666663
2022-11-23,16181.7,9824712828.0,319242994200.0,3.0775030326413346,2.6041468518166244,16610.0,428.2999999999993,0.006338666666666667
2022-11-24,16614.5,9808243907.0,318354267681.25,3.080921131806669,2.6746262753604366,,,0.004568
2022-11-25,16601.08,9757619032.0,317424341250.0,3.073998356135834,-0.08077281892321375,16512.3,-88.78000000000247,0.0012826666666666665
2022-11-26,16513.5,9753210069.0,317492214243.75,3.0719525177118565,-0.5275560385228029,,,0.0016423333333333333
2022-11-27,16454.69,9808992010.0,316702176468.75,3.097229112654325,-0.3561328609925307,,,0.0005936666666666664
2022-11-28,16417.0,9854800518.0,311295508256.25,3.1657381030656557,-0.22905323649365927,15990.0,-427.0,0.0009533333333333335
2022-11-29,16220.2369,9799323074.0,316921156406.25,3.0920381539434354,-1.198532618627035,16265.0,44.76310000000012,0.0028486666666666664
2022-11-30,16430.5,9880350923.0,322853562281.25,3.060319623914464,1.29630104231091,17080.0,649.5,0.005651
2022-12-01,17169.25,10144808465.0,325946712131.25,3.112413191305626,4.496211314323961,16820.0,-349.25,0.002009333333333334
2022-12-02,16950.0,10074933323.0,328229523437.5,3.0694780949278084,-1.2769922972756476,16995.0,45.0,0.002425
2022-12-03,17074.13,9994026597.0,325896949106.25,3.0666217110678486,0.7323303834808392,,,0.006141666666666666
2022-12-04,16886.0,9780587602.0,329121514000.0,2.97172539197787,-1.1018423779132536,17060.0,174.0,0.005730666666666666
2022-12-05,17123.929,10045835553.0,326370496500.0,3.0780464719487903,1.4090311500651431,16825.0,-298.9290000000001,0.00014633333333333338
2022-12-06,16965.0,10018495299.0,326825536337.5,3.0653955046689774,-0.9281105989168759,16945.0,-20.0,0.002876333333333333
2022-12-07,17078.79,9752227966.0,324345745425.0,3.006738365943836,0.6707338638373139,16725.0,-353.7900000000009,0.0023510000000000002
2022-12-08,16820.5,9640720699.0,331955644800.0,2.9042195395738606,-1.5123436730588136,17185.0,364.5,0.0011673333333333334
2022-12-09,17243.785,9782256303.0,329224952306.25,2.9712985709237487,2.5164828631729197,17035.0,-208.78499999999985,0.002794333333333334
2022-12-10,17117.5,9492695409.0,329894831531.25,2.877491400801405,-0.7323508150907654,,,-0.00021500000000000005
2022-12-11,17115.0801,9533966824.0,329890718250.0,2.8900379115167785,-0.01413699430408144,17022.5,-92.58009999999922,0.0008313333333333333
2022-12-12,17070.0,9517675213.0,330502994062.5,2.879754611602748,-0.26339403459758604,17115.0,45.0,0.0011246666666666668
2022-12-13,17207.3,9583383635.0,341693366962.5,2.80467359381072,0.804335090802577,17745.0,537.7000000000007,0.004991333333333334
2022-12-14,17767.0,10107943230.0,342846272812.5,2.9482435807397436,3.2526892656024042,17795.0,28.0,0.01
2022-12-15,17790.9331,10164641937.0,333822340312.5,3.0449256114748366,0.1347053526200126,17395.0,-395.9330999999984,0.008393333333333334
2022-12-16,17353.0,10041676084.0,323389327500.0,3.105135275065625,-2.4615521712011756,16775.0,-578.0,0.0028536666666666662
2022-12-17,16624.15,9409384239.0,320786310625.0,2.933224993506532,-4.200138304615908,,,0.006509999999999999
2022-12-18,16769.0,9469479784.0,322667966718.75,2.9347443070647197,0.8713227443207572,16670.0,-99.0,0.004151666666666667
2022-12-19,16743.7,9254960675.0,319528717087.5,2.896440970739295,-0.15087363587571456,16495.0,-248.70000000000073,0.0048189999999999995
2022-12-20,16433.5,9308122402.0,325700945831.25,2.8578739242663,-1.8526371112717044,16840.0,406.5,0.0030000000000000005
2022-12-21,16895.6,9423043355.0,323846522800.0,2.9097250368871337,2.8119390269875533,16735.0,-160.59999999999854,0.006367333333333333
2022-12-22,16826.0,9332685201.0,323825819625.0,2.8820077447213843,-0.411941570586416,16735.0,-91.0,0.0060943333333333335
2022-12-23,16816.8,9437229282.0,324684340337.5,2.906585908082377,-0.05467728515393677,16780.0,-36.79999999999927,0.009634333333333333
2022-12-24,16780.0,9474788988.0,324579432675.0,2.919097155945511,-0.2188287902573527,,,0.00699
2022-12-25,16839.72,9413288429.0,324094395450.0,2.904489729274644,0.3558998808105063,,,0.001812
2022-12-26,16832.0,9376203198.0,324588126325.0,2.8886463914000045,-0.0458439926554699,16920.0,88.0,0.0003753333333333334
2022-12-27,16926.1595,9387944769.0,320924408750.0,2.9252822512210983,0.5594076758555167,16595.0,-331.1595000000016,0.0039026666666666667
2022-12-28,16697.0,9510490751.0,317689801587.5,2.993640558644299,-1.3538777062806373,16570.0,-127.0,0.005375666666666667
2022-12-29,16541.77,9648628239.0,320435394725.0,3.011099397206268,-0.9296879678984182,16585.0,43.22999999999956,0.009505666666666667
2022-12-30,16622.5,9709488338.0,319510471250.0,3.038863890755818,0.4880372535708055,16498.1,-124.40000000000146,0.009044
2022-12-31,16596.475,9375814342.0,319679710800.0,2.932877509973023,-0.15656489697699616,,,0.01
2023-01-01,16531.0,9105879724.0,320195767150.0,2.8438476264223156,-0.39451148511957523,,,0.006897
2023-01-02,16614.56,9216613757.0,321850885893.75,2.8636285189665767,0.5054745629423651,16652.5,37.93999999999869,-0.0010580000000000001
2023-01-03,16671.0,9436122203.0,321153314475.0,2.9381986041232495,0.3397020444718235,16615.0,-56.0,0.0074329999999999995
2023-01-04,16680.69,9275583673.0,323844515268.75,2.8642089755024687,0.05812488752923173,16780.0,99.31000000000131,0.004936
2023-01-05,16850.0,9291219815.0,324552562031.25,2.862778145040612,1.015005973973504,16840.0,-10.0,0.005705666666666667
2023-01-06,16834.0781,9012892370.0,327459687093.75,2.752367001260725,-0.09449198813057391,16895.0,60.92190000000119,0.006945333333333334
2023-01-07,16953.0,9451118342.0,326475307000.0,2.894895307350151,0.7064354774497739,,,0.004393
2023-01-08,16935.935,9013607089.0,328515676750.0,2.7437372785894,-0.10066065003243585,16960.0,24.06499999999869,0.007703000000000001
2023-01-09,17133.5,9141016334.0,331592955362.5,2.7566979895598114,1.1665432112251128,17225.0,91.5,0.002011666666666667
2023-01-10,17176.61,9092232271.0,336848455762.5,2.699205567209313,0.25161233840138575,17535.0,358.3899999999994,0.005076999999999999
2023-01-11,17452.0,9696753214.0,334917596687.5,2.895265375694101,1.603284932242155,17615.0,163.0,0.0016756666666666667
2023-01-12,17932.18,9727254640.0,364347095100.0,2.6697769162480145,2.7514325005729923,19155.0,1222.8199999999997,0.009183
2023-01-13,18861.5,10036745433.0,382568064737.5,2.623518886733721,5.182415077252189,19550.0,688.5,0.009053333333333333
2023-01-14,19927.104,10526675725.0,404972172000.0,2.5993577961203713,5.6496248972775165,,,0.021530999999999998
2023-01-15,20962.5,10233437705.0,402220705500.0,2.544234437727125,5.195918082226103,20972.5,10.0,0.015345999999999999
2023-01-16,20885.01,10273945783.0,409539089356.25,2.508660601641104,-0.36966010733453514,21257.5,372.4900000000016,0.01
2023-01-17,21199.0,10558606477.0,408848727150.0,2.5825215479088963,1.5034227898382602,21485.0,286.0,0.01
2023-01-18,21139.0369,10743363841.0,400871173181.25,2.6800040910256455,-0.2828581536864938,20800.0,-339.03689999999915,0.01
2023-01-19,20685.0,10623478420.0,404742919350.0,2.624747194357558,-2.147859915037087,21200.0,515.0,0.01
2023-01-20,21087.5,10832301589.0,412118305793.75,2.6284446569624516,1.9458544839255465,22390.0,1302.5,0.01
2023-01-21,22674.0,11095275042.0,447997710937.5,2.4766365477139454,7.523414344991108,,,0.01
2023-01-22,22782.44,11063525498.0,437249755431.25,2.5302531014770455,0.47825703448882706,22770.0,-12.43999999999869,0.01
2023-01-23,22718.0,10987965419.0,440236000312.5,2.4959261421601666,-0.2828494226254863,23090.0,372.0,0.01
2023-01-24,22933.6345,11066640923.0,436981829375.0,2.5325174135565853,0.9491790650585363,23065.0,131.36549999999988,0.01
2023-01-25,22648.5,11077762772.0,441474441656.25,2.50926480147759,-1.2433027133139318,22940.0,291.5,0.01
2023-01-26,23063.691,10917571171.0,443138467500.0,2.463692947396854,1.8331942512749055,23075.0,11.309000000001106,0.01
2023-01-27,23022.0,10516528955.0,445799621387.5,2.359025995192305,-0.18076464864188457,23052.7,30.700000000000728,0.009847
2023-01-28,23073.7408,10634204760.0,444087092550.0,2.3946214466484834,0.22474502649638683,,,0.01
2023-01-29,23034.0,10679351989.0,457704184000.0,2.3332432523710556,-0.17223388415631424,23932.5,898.5,0.01
2023-01-30,23752.1,11459130969.0,439465035543.75,2.607518241996572,3.1175653381956936,22967.5,-784.5999999999985,0.01
2023-01-31,22831.0,10835797323.0,443358462487.5,2.444026276662195,-3.8779728950282255,23250.0,419.0,0.01
2023-02-01,23130.62,11052353097.0,444917877250.0,2.484133288892248,1.3123384871446708,23755.0,624.380000000001,0.01
2023-02-02,23754.5,11188436822.0,458108515850.0,2.44231146876638,2.6972039659983293,24005.0,250.5,0.01
2023-02-03,23493.793,11085146681.0,450628666475.0,2.4599293177934083,-1.097505735755322,23485.0,-8.793000000001484,0.01
2023-02-04,23450.0,11066922686.0,451841352837.5,2.449293898511344,-0.1864024255257557,,,0.01
2023-02-05,23315.48,11057782165.0,441165032468.75,2.506495608484854,-0.5736460554371048,23052.5,-262.97999999999956,0.01
2023-02-06,22953.0,11107190930.0,442998696850.0,2.507273951137809,-1.5546752629583382,23110.0,157.0,0.01
2023-02-07,22765.79,11034657019.0,447435198675.0,2.466202268323364,-0.8156232300788546,23300.0,534.2099999999991,0.01
2023-02-08,23250.0,11105837595.0,443479440975.0,2.5042508330450572,2.1269193821079835,22885.0,-365.0,0.01
2023-02-09,22931.136,11221666662.0,421385822475.0,2.6630384942924272,-1.37145806451614,22010.0,-921.1359999999986,0.01
2023-02-10,21803.0,10450899248.0,419588956937.5,2.490746973962119,-4.919669047359876,21775.0,-28.0,0.01
2023-02-11,21649.41,10401531822.0,420731461631.25,2.472249586867459,-0.7044443425216707,,,0.0061656666666666665
2023-02-12,21861.5,10411078220.0,420636858525.0,2.4750751174082457,0.9796571823435407,21817.5,-44.0,0.005871
2023-02-13,21796.79,10273725136.0,416742375225.0,2.465246096093107,-0.29599981702993494,21710.0,-86.79000000000087,0.006132333333333333
2023-02-14,21774.0,10293694347.0,426425206343.75,2.4139507219237983,-0.10455668013501507,22335.0,561.0,0.009629
2023-02-15,22222.126,10598731421.0,468546929112.5,2.2620426605026798,2.058078442178757,24250.0,2027.8739999999998,0.004692666666666667
2023-02-16,24364.5,11538129712.0,460606006012.5,2.5049889843787394,9.640724744338147,24640.0,275.5,0.014390333333333333
2023-02-17,23526.0,10956914952.0,474328612800.0,2.309983976577008,-3.44148248476267,24870.0,1344.0,0.01
2023-02-18,24550.683,11590457345.0,474776153325.0,2.441246735715041,4.355534302473862,,,0.01
2023-02-19,24653.5,11774677366.0,471871720200.0,2.495313209490362,0.4187948661143137,24345.0,-308.5,0.01
2023-02-20,24303.559,11693661602.0,478568855000.0,2.443464818035432,-1.4194374023972167,24895.0,591.4409999999989,0.01
2023-02-21,24859.0,12089759219.0,468444355087.5,2.580831445122606,2.285430705848479,24490.0,-369.0,0.01
2023-02-22,24432.0,11980070637.0,466575797100.0,2.5676579692864654,-1.71768775896054,23800.0,-632.0,0.01
2023-02-23,24195.0,11804896389.0,461429480450.0,2.558331638777719,-0.9700392927308399,23920.0,-275.0,0.005712333333333333
2023-02-24,23943.32,11590978905.0,447339132143.75,2.5910943336107026,-1.0402149204381095,23576.1,-367.22000000000116,0.005122333333333334
2023-02-25,23192.0,11126971132.0,444476669100.0,2.503386995436787,-3.137910699101043,,,0.0005816666666666666
2023-02-26,23174.4045,11284454625.0,453554220193.75,2.488005650168901,-0.07586883408071676,23665.0,490.59549999999945,0.0055709999999999996
2023-02-27,23560.0,11249525437.0,450331934725.0,2.4980518967347147,1.6638852575478147,23610.0,50.0,0.005388666666666667
2023-02-28,23516.97,11111861925.0,448846459081.25,2.4756487881724683,-0.18264006791171017,23410.0,-106.97000000000116,0.0037830000000000003
2023-03-01,23130.0,11122022057.0,456495192825.0,2.4363941245847225,-1.645492595347109,23530.0,400.0,0.0067283333333333336
2023-03-02,23649.37,11167635424.0,454492698056.25,2.457164982355304,2.2454388240380485,23590.0,-59.36999999999898,0.00857
2023-03-03,23469.0,11385406224.0,429685213343.75,2.6497086402858425,-0.7626841645253069,22320.0,-1149.0,0.0018570000000000001
2023-03-04,22362.2286,10378381441.0,430825818987.5,2.4089506672071384,-4.715886488559384,,,0.0021486666666666668
2023-03-05,22349.0,10130953472.0,433843177925.0,2.3351648677419963,-0.05915600022082801,22455.0,106.0,0.0020413333333333334
2023-03-06,22418.5849,10036829673.0,434341376393.75,2.310815920033638,0.3113557653586341,22390.0,-28.584900000001653,0.004976
2023-03-07,22403.0,10132112209.0,427626105600.0,2.3693857966841585,-0.06951776871519932,22070.0,-333.0,0.0027263333333333336
2023-03-08,22187.7105,9926393092.0,419304858000.0,2.3673451195740736,-0.96098513591929,22115.0,-72.71050000000105,0.005577666666666666
2023-03-09,21713.0,9808370869.0,403058788187.5,2.433483937444187,-2.1395199833709744,20065.0,-1648.0,0.01
2023-03-10,20364.898,8954595938.0,390312331587.5,2.2942129195814465,-6.2087320959793635,19965.0,-399.89800000000105,-0.003338666666666667
2023-03-11,20171.0,8979429528.0,392048892562.5,2.290385127556127,-0.9521186897179734,,,-0.0007576666666666666
2023-03-12,20619.665,8747222950.0,422862451375.0,2.068574053231046,2.2243071736651743,22030.0,1410.3349999999991,0.0017986666666666663
2023-03-13,21986.0,8695597996.0,468220824162.5,1.8571574665765227,6.626368566123642,24405.0,2419.0,0.008670333333333334
2023-03-14,24205.662,10112924915.0,478152638600.0,2.1149992907306734,10.095797325570821,25240.0,1034.3379999999997,0.018284333333333333
2023-03-15,24718.0,10102752852.0,472665280743.75,2.1374010877429117,2.1166039581978824,24490.0,-228.0,0.018751
2023-03-16,24380.46,9962999090.0,482792899312.5,2.0636175685656046,-1.3655635569220892,25090.0,709.5400000000009,0.01
2023-03-17,25007.0,10162649957.0,526963910000.0,1.9285286457283195,2.56984486757017,27000.0,1993.0,0.007770333333333333
2023-03-18,27464.286,11118614242.0,527626913775.0,2.1072871666932054,9.82639261006919,,,0.01
2023-03-19,26916.0,11165483962.0,538394999850.0,2.0738461473659244,-1.9963599272160182,28150.0,1234.0,0.01
2023-03-20,28042.29,11877091105.0,540448832737.5,2.1976347038885717,4.184462773071784,27945.0,-97.29000000000087,0.009693666666666668
2023-03-21,27711.0,11620943285.0,540630870268.75,2.14951530222889,-1.1813942441933234,28310.0,599.0,0.0032213333333333334
2023-03-22,28209.178,11694479089.0,527769163750.0,2.2158322032129147,1.797762621341703,26800.0,-1409.1779999999999,0.0018693333333333333
2023-03-23,27260.0,11223012885.0,539567654318.75,2.0800010517995204,-3.3647843265762645,28550.0,1290.0,0.0030526666666666666
2023-03-24,28347.39,11490023640.0,536580359525.0,2.141342566129587,3.9889581804842145,27915.0,-432.3899999999994,0.01
2023-03-25,27475.0,11092259603.0,527000485837.5,2.1047911531566,-3.077496728975748,,,0.00013566666666666667
2023-03-26,27499.38,11004172991.0,542473647187.5,2.0285175230266126,0.08873521383074845,28055.0,555.619999999999,0.00012300000000000014
2023-03-27,27987.0,11396495000.0,522491251500.0,2.181183889162209,1.7732036140451157,26980.0,-1007.0,0.0016393333333333336
2023-03-28,27174.5355,11142703100.0,525646682550.0,2.1198085082445273,-2.903006753135373,27455.0,280.4644999999982,0.0024086666666666666
2023-03-29,27272.0,11156613108.0,548674260662.5,2.033376432590237,0.35866114436435836,28440.0,1168.0,0.007724333333333333
2023-03-30,28365.2944,11895958456.0,541913161762.5,2.195177990752243,4.0088530360809616,27965.0,-400.29439999999886,0.004582666666666666
2023-03-31,28034.0,11319704828.0,550757153418.75,2.055298738787953,-1.1679568536401286,28476.5,442.5,0.004548666666666667
2023-04-01,28485.76,11453480928.0,550628115468.75,2.080075573011677,1.611471784261953,,,0.009613333333333333
2023-04-02,28459.0,11463896867.0,540774390000.0,2.1199038044312712,-0.09394167471746817,28575.0,116.0,0.005311333333333334
2023-04-03,28211.801,11330199343.0,540097865525.0,2.097804873193958,-0.8686144980498245,28185.0,-26.800999999999476,0.0020689999999999997
2023-04-04,27818.0,10773696347.0,544924233375.0,1.9770998768531323,-1.395873308478246,28375.0,557.0,-0.002880666666666667
2023-04-05,28183.4,11047468348.0,544194703268.75,2.0300580438660054,1.313537996980374,28385.0,201.59999999999854,0.005514000000000001
2023-04-06,28187.0,11012109681.0,541730545775.0,2.0327651388470387,0.012773476585503651,28140.0,-47.0,0.000688333333333333
2023-04-07,28057.496,11119451841.0,539859376937.5,2.0596941196202114,-0.4594458438287208,28045.0,-12.495999999999185,0.00019533333333333346
2023-04-08,27917.0,11258056198.0,539763918525.0,2.0857370809009654,-0.5007431882018243,,,0.0013086666666666665
2023-04-09,27975.3506,11294875767.0,548575854112.5,2.058945118040811,0.20901457893041098,28645.0,669.6493999999984,-0.0002689999999999999
2023-04-10,28344.0,11495456330.0,563584425668.75,2.039704400340637,1.3177650756591275,29420.0,1076.0,0.008722333333333334
2023-04-11,29657.4546,12657233918.0,582492697562.5,2.1729429349012417,4.633977561388658,30325.0,667.5453999999991,0.01
2023-04-12,30229.0,12836532956.0,579371518750.0,2.215596131424436,1.9271559468222232,29925.0,-304.0,0.006508
2023-04-13,29895.0218,13074465049.0,585973112562.5,2.2312397563472635,-1.1048271527341336,30530.0,634.9782000000014,0.007030666666666667
2023-04-14,30401.0,13275103654.0,586714481925.0,2.2626173484664323,1.6925165781280782,30470.0,69.0,0.004435666666666667
2023-04-15,30497.96,12722110509.0,586048117706.25,2.1708303677850584,0.3189368770764034,,,0.004493333333333333
2023-04-16,30307.0,12701915099.0,586361813887.5,2.1662248117400433,-0.6261402401996685,30605.0,298.0,0.009048
2023-04-17,30309.4617,12560141603.0,570044019231.25,2.203363456025441,0.008122545946487314,29550.0,-759.4616999999998,0.009125333333333334
2023-04-18,29444.0,12266859699.0,587838966325.0,2.086772126674228,-2.855417587307396,30325.0,881.0,0.0036483333333333333
2023-04-19,30367.901,12518061013.0,565532061718.75,2.2135015608054904,3.137824344518414,29265.0,-1102.9010000000017,0.005383333333333334
2023-04-20,28825.0,11799386403.0,546495185000.0,2.1591016219109047,-5.080696884516323,28095.0,-730.0,0.0060483333333333335
2023-04-21,28244.521,11779224849.0,540847112200.0,2.177921372471738,-2.0138039895923665,27310.0,-934.5210000000006,0.008765666666666666
2023-04-22,27282.0,11260121027.0,537994152600.0,2.092982046846135,-3.407814917448948,,,0.0063159999999999996
2023-04-23,27807.6,11503656108.0,532597818950.0,2.159914235225202,1.9265449747085883,27765.0,-42.599999999998545,0.0025043333333333332
2023-04-24,27583.31,11262930136.0,532155992900.0,2.1164715395991927,-0.806578057797136,27400.0,-183.3100000000013,0.0036676666666666667
2023-04-25,27507.5,11219219642.0,547473412425.0,2.049272053651912,-0.2748401116472343,27605.0,97.5,0.006737666666666667
2023-04-26,28305.525,11589996860.0,547841814000.0,2.1155736133715415,2.9011178769426493,27900.0,-405.52500000000146,0.005344000000000001
2023-04-27,28414.1,10801602789.0,576437126737.5,1.8738561914175373,0.38358235715465483,29690.0,1275.9000000000015,0.0038506666666666667
2023-04-28,29474.65,11419528914.0,569170100118.75,2.0063472961101545,3.732477889498531,29177.5,-297.15000000000146,0.008158666666666666
2023-04-29,29296.0,11648455208.0,567274632925.0,2.053406680277215,-0.6061140675122534,,,0.0048713333333333326
2023-04-30,29241.8272,11570207792.0,573264405000.0,2.018302146633367,-0.18491534680502575,29402.5,160.67280000000028,0.004237
2023-05-01,29216.0,11447554626.0,542244120275.0,2.111144076618914,-0.0883227981047674,28137.5,-1078.5,-0.0011230000000000003
2023-05-02,28136.13,11233604568.0,554719127400.0,2.025097750036589,-3.6961596385542084,28850.0,713.869999999999,0.002769
2023-05-03,28656.4,11497594666.0,551175622875.0,2.0860129129127896,1.8491171316026733,28415.0,-241.40000000000146,0.006568
2023-05-04,29023.7793,11280554938.0,557864498193.75,2.0220958627989605,1.2820148378721585,29015.0,-8.77929999999833,0.008102
2023-05-05,28826.0,11512780691.0,570434620893.75,2.018247187199458,-0.6814388228207013,29765.0,939.0,0.007396
2023-05-06,29528.27,11991275901.0,560353763250.0,2.1399474202603206,2.4362381183653747,,,0.01
2023-05-07,28837.9,11463739652.0,558017229131.25,2.054370197466365,-2.3379967739389995,28562.5,-275.40000000000146,0.004804666666666666
2023-05-08,28501.6,11428110894.0,529900272000.0,2.156653147368077,-1.1661736811626522,27365.0,-1136.5999999999985,0.0016763333333333335
2023-05-09,27659.8,11515284760.0,535756227650.0,2.1493515456665357,-2.95351839896707,27770.0,110.20000000000073,0.004109666666666667
2023-05-10,27626.15,11489804674.0,534585730250.0,2.14929131546904,-0.12165670033766895,27775.0,148.84999999999854,0.004109666666666667
2023-05-11,27582.9,11083366347.0,523802253668.75,2.115944761476545,-0.15655456876908502,26845.0,-737.9000000000015,0.004576333333333333
2023-05-12,27037.21,11515907911.0,519544132875.0,2.216540844619773,-1.9783634063133437,26485.0,-552.2099999999991,0.003453
2023-05-13,26785.1,11215364936.0,519392913693.75,2.1593219006859465,-0.9324556786739491,,,0.0032896666666666664
2023-05-14,26798.94,11298917824.0,520661300781.25,2.170109014640808,0.051670518310564795,26965.0,166.0600000000013,0.0027636666666666664
2023-05-15,26904.0,11389366688.0,532059086250.0,2.1406206532949703,0.39203043105435764,27475.0,571.0,0.0008803333333333333
2023-05-16,27179.155,11566372694.0,524376163900.0,2.205739598836102,1.0227289622360969,26965.0,-214.15499999999884,0.005875000000000001
2023-05-17,27024.7,11619056433.0,531864862275.0,2.1845880894068883,-0.5682847755936415,27430.0,405.2999999999993,0.006627333333333333
2023-05-18,27390.41,11633585528.0,519755641462.5,2.238279799188934,1.3532435142665777,26780.0,-610.4099999999999,0.009447333333333334
2023-05-19,26809.3,11204975477.0,521701078237.5,2.1477769443863464,-2.12158196974781,26885.0,75.70000000000073,0.0036683333333333338
2023-05-20,26886.166,11239782600.0,524453707856.25,2.1431410306819236,0.28671393881973817,,,0.0023063333333333334
2023-05-21,27089.6,11371231924.0,521183482618.75,2.1818097279030906,0.7566493489625792,26765.0,-324.59999999999854,0.005703
2023-05-22,26736.04,11296305145.0,519889289375.0,2.1728289802969747,-1.3051503159884126,26865.0,128.95999999999913,0.002666333333333333
2023-05-23,26840.2,11383784629.0,527302951175.0,2.1588698875349133,0.3895864907443203,27200.0,359.7999999999993,0.01
2023-05-24,27249.54,11681252264.0,511724972787.5,2.2827207748664597,1.525100409087865,26225.0,-1024.5400000000009,0.005476333333333333
2023-05-25,26313.8,11402561953.0,512990116718.75,2.22276445127919,-3.4339662247509506,26470.0,156.20000000000073,0.008606666666666667
2023-05-26,26502.4434,11581298196.0,518908532381.25,2.231857345427314,0.7168991175732886,26750.9,248.45660000000134,0.008178666666666666
2023-05-27,26724.0,11253007837.0,520154251500.0,2.163398223613289,0.8359855604860966,,,0.007690666666666668
2023-05-28,26865.88,11249724855.0,534096525312.5,2.1063093133619963,0.5309085466247643,28535.0,1669.119999999999,0.00996
2023-05-29,28099.0,11919263785.0,536392579150.0,2.2221157130637383,4.589911069356378,28115.0,16.0,0.01
2023-05-30,27772.736,11819112665.0,537664573325.0,2.19823162086146,-1.1611231716431192,28085.0,312.2639999999992,0.0063613333333333326
2023-05-31,27724.0,11879276153.0,526772238000.0,2.255106722803414,-0.17548145058521314,27075.0,-649.0,0.005024333333333333
2023-06-01,27208.57,11556956980.0,520217831306.25,2.2215611008528597,-1.8591473091905897,26925.0,-283.5699999999997,0.007245666666666667
2023-06-02,27187.0,11397074459.0,528412754687.5,2.1568507493238234,-0.07927649266389336,27385.0,198.0,0.007994
2023-06-03,27246.6581,11595265135.0,524090556775.0,2.2124545052579574,0.21943612756096798,,,0.0076619999999999995
2023-06-04,27088.0,11554781997.0,528885214200.0,2.184742867973336,-0.5823029724148054,27395.0,307.0,0.008283333333333334
2023-06-05,27105.7,11381655537.0,499043513150.0,2.2806940150685735,0.06534258712345142,25640.0,-1465.7000000000007,0.009131333333333333
2023-06-06,25744.0,11514314447.0,523989649312.5,2.1974316595962042,-5.023666608868249,27265.0,1521.0,-0.001972
2023-06-07,27252.47,11572761699.0,514428172650.0,2.249636064717188,5.859501243008092,26610.0,-642.4700000000012,0.008001666666666666
2023-06-08,26358.0,10895647961.0,515250452275.0,2.1146314210675867,-3.2821612132771905,26650.0,292.0,0.004201666666666667
2023-06-09,26513.1,11073212653.0,513416173075.0,2.15677129660316,0.5884361484179257,26475.0,-38.099999999998545,0.006302666666666667
2023-06-10,26491.0,11053114775.0,500210687975.0,2.209691844000027,-0.08335502072559509,,,0.004991
2023-06-11,25872.86,10872721794.0,506602786525.0,2.146202524581544,-2.33339624778226,26100.0,227.13999999999942,0.004524
2023-06-12,25964.0,10807809667.0,502707375500.0,2.1499206484190525,0.3522610179160779,25890.0,-74.0,0.005116333333333334
2023-06-13,25913.0,10972103922.0,501954637800.0,2.1858755942746666,-0.19642582036666356,25930.0,17.0,0.007561000000000001
2023-06-14,25952.0,11230472724.0,487484514843.75,2.3037598902192054,0.15050360822752573,25900.0,-52.0,0.002938333333333333
2023-06-15,25123.85,10930582813.0,496264527631.0,2.2025718552117612,-3.191083538840944,25470.0,346.15000000000146,0.0014639999999999998
